eca_type,source,event,actions,condition_count,source_file,target_context,owner_role,owner_status
entity,FinAccountTrans,return,updateFinAccountBalancesFromTrans,1,applications/accounting/entitydef/eecas.xml,accounting,finance-product-team,provisional-repository-inferred
entity,FinAccountAuth,return,updateFinAccountBalancesFromAuth,0,applications/accounting/entitydef/eecas.xml,accounting,finance-product-team,provisional-repository-inferred
service,createBudget,commit,createBudgetStatus,0,applications/accounting/servicedef/secas.xml,accounting,finance-product-team,provisional-repository-inferred
service,createPaymentApplication,commit,checkInvoicePaymentApplications,1,applications/accounting/servicedef/secas.xml,accounting,finance-product-team,provisional-repository-inferred
service,createPartyPostalAddress,commit,setPaymentMethodAddress,1,applications/accounting/servicedef/secas.xml,accounting,finance-product-team,provisional-repository-inferred
service,updatePostalAddress,return,updatePaymentMethodAddress,0,applications/accounting/servicedef/secas.xml,accounting,finance-product-team,provisional-repository-inferred
service,createBillingAccountRole,invoke,ensurePartyRole,2,applications/accounting/servicedef/secas.xml,accounting,finance-product-team,provisional-repository-inferred
service,createCreditCard,in-validate,buildCcExpireDate,2,applications/accounting/servicedef/secas.xml,accounting,finance-product-team,provisional-repository-inferred
service,updateCreditCard,in-validate,buildCcExpireDate,2,applications/accounting/servicedef/secas.xml,accounting,finance-product-team,provisional-repository-inferred
service,createCreditCard,commit,verifyCreditCard,0,applications/accounting/servicedef/secas.xml,accounting,finance-product-team,provisional-repository-inferred
service,updateCreditCard,commit,verifyCreditCard,1,applications/accounting/servicedef/secas.xml,accounting,finance-product-team,provisional-repository-inferred
service,createCreditCardAndAddress,in-validate,buildCcExpireDate,2,applications/accounting/servicedef/secas.xml,accounting,finance-product-team,provisional-repository-inferred
service,updateCreditCardAndAddress,in-validate,buildCcExpireDate,2,applications/accounting/servicedef/secas.xml,accounting,finance-product-team,provisional-repository-inferred
service,createGiftCard,in-validate,buildCcExpireDate,2,applications/accounting/servicedef/secas.xml,accounting,finance-product-team,provisional-repository-inferred
service,updateGiftCard,in-validate,buildCcExpireDate,2,applications/accounting/servicedef/secas.xml,accounting,finance-product-team,provisional-repository-inferred
service,authOrderPayments,global-rollback,releaseOrderPayments,0,applications/accounting/servicedef/secas.xml,accounting,finance-product-team,provisional-repository-inferred
service,retryFailedOrderAuth,commit,sendOrderPayRetryNotification,1,applications/accounting/servicedef/secas.xml,accounting,finance-product-team,provisional-repository-inferred
service,createBudgetRole,invoke,ensurePartyRole,0,applications/accounting/servicedef/secas.xml,accounting,finance-product-team,provisional-repository-inferred
service,createFinAccountRole,invoke,ensurePartyRole,0,applications/accounting/servicedef/secas.xml,accounting,finance-product-team,provisional-repository-inferred
service,finAccountWithdraw,return,finAccountReplenish,1,applications/accounting/servicedef/secas.xml,accounting,finance-product-team,provisional-repository-inferred
service,updateFinAccount,commit,finAccountReplenish,2,applications/accounting/servicedef/secas.xml,accounting,finance-product-team,provisional-repository-inferred
service,updateFinAccount,commit,finAccountReplenish,2,applications/accounting/servicedef/secas.xml,accounting,finance-product-team,provisional-repository-inferred
service,createFinAccountTrans,commit,postFinAccountTransToGl,1,applications/accounting/servicedef/secas.xml,accounting,finance-product-team,provisional-repository-inferred
service,createProduct,commit,createFixedAssetAndLinkToProduct,1,applications/accounting/servicedef/secas.xml,accounting,finance-product-team,provisional-repository-inferred
service,createPartyAcctgPreference,return,setAcctgCompany,0,applications/accounting/servicedef/secas.xml,accounting,finance-product-team,provisional-repository-inferred
service,createFixedAssetMeter,commit,createMaintsFromMeterReading,0,applications/accounting/servicedef/secas.xml,accounting,finance-product-team,provisional-repository-inferred
service,updateFixedAssetMeter,commit,createMaintsFromMeterReading,0,applications/accounting/servicedef/secas.xml,accounting,finance-product-team,provisional-repository-inferred
service,updateAcctgTrans,invoke,checkAcctgTransPosted,0,applications/accounting/servicedef/secas.xml,accounting,finance-product-team,provisional-repository-inferred
service,deleteAcctgTrans,invoke,checkAcctgTransPosted,0,applications/accounting/servicedef/secas.xml,accounting,finance-product-team,provisional-repository-inferred
service,cancelInvoice,invoke,revertAcctgTransOnCancelInvoice,0,applications/accounting/servicedef/secas_invoice.xml,accounting,finance-product-team,provisional-repository-inferred
service,cancelInvoice,commit,removeInvoiceItemAssocOnCancelInvoice,1,applications/accounting/servicedef/secas_invoice.xml,accounting,finance-product-team,provisional-repository-inferred
service,cancelInvoice,commit,resetOrderItemBillingAndOrderAdjustmentBillingOnCancelInvoice,0,applications/accounting/servicedef/secas_invoice.xml,accounting,finance-product-team,provisional-repository-inferred
service,setInvoiceStatus,commit,createMatchingPaymentApplication,2,applications/accounting/servicedef/secas_invoice.xml,accounting,finance-product-team,provisional-repository-inferred
service,setInvoiceStatus,return,createMatchingPaymentApplication,2,applications/accounting/servicedef/secas_invoice.xml,accounting,finance-product-team,provisional-repository-inferred
service,setInvoiceStatus,commit,checkInvoicePaymentApplications;capturePaymentsByInvoice,4,applications/accounting/servicedef/secas_invoice.xml,accounting,finance-product-team,provisional-repository-inferred
service,createAcctgTransAndEntries,commit,postAcctgTrans,1,applications/accounting/servicedef/secas_ledger.xml,accounting,finance-product-team,provisional-repository-inferred
service,createItemIssuance,commit,createAcctgTransForSalesShipmentIssuance,3,applications/accounting/servicedef/secas_ledger.xml,accounting,finance-product-team,provisional-repository-inferred
service,cancelOrderItemIssuanceFromSalesShipment,commit,createAcctgTransForCanceledSalesShipmentIssuance,1,applications/accounting/servicedef/secas_ledger.xml,accounting,finance-product-team,provisional-repository-inferred
service,createShipmentReceipt,commit,createAcctgTransForShipmentReceipt,1,applications/accounting/servicedef/secas_ledger.xml,accounting,finance-product-team,provisional-repository-inferred
service,assignInventoryToWorkEffort,commit,createAcctgTransForWorkEffortIssuance,0,applications/accounting/servicedef/secas_ledger.xml,accounting,finance-product-team,provisional-repository-inferred
service,createWorkEffortInventoryProduced,commit,createAcctgTransForWorkEffortInventoryProduced,0,applications/accounting/servicedef/secas_ledger.xml,accounting,finance-product-team,provisional-repository-inferred
service,createCostComponent,commit,createAcctgTransForWorkEffortCost,2,applications/accounting/servicedef/secas_ledger.xml,accounting,finance-product-team,provisional-repository-inferred
service,updateInventoryItem,commit,createAcctgTransForInventoryItemOwnerChange,2,applications/accounting/servicedef/secas_ledger.xml,accounting,finance-product-team,provisional-repository-inferred
service,createInventoryItemDetail,commit,createAcctgTransForInventoryItemCostChange,2,applications/accounting/servicedef/secas_ledger.xml,accounting,finance-product-team,provisional-repository-inferred
service,createPhysicalInventoryAndVariance,commit,createAcctgTransForPhysicalInventoryVariance,1,applications/accounting/servicedef/secas_ledger.xml,accounting,finance-product-team,provisional-repository-inferred
service,createItemIssuance,commit,createAcctgTransForFixedAssetMaintIssuance,1,applications/accounting/servicedef/secas_ledger.xml,accounting,finance-product-team,provisional-repository-inferred
service,setInvoiceStatus,commit,createAcctgTransForPurchaseInvoice;createAcctgTransForSalesInvoice,5,applications/accounting/servicedef/secas_ledger.xml,accounting,finance-product-team,provisional-repository-inferred
service,setInvoiceStatus,commit,createAcctgTransForCustomerReturnInvoice,5,applications/accounting/servicedef/secas_ledger.xml,accounting,finance-product-team,provisional-repository-inferred
service,setInvoiceStatus,commit,cancelInvoice,2,applications/accounting/servicedef/secas_ledger.xml,accounting,finance-product-team,provisional-repository-inferred
service,createPayment,commit,createAcctgTransAndEntriesForIncomingPayment,1,applications/accounting/servicedef/secas_ledger.xml,accounting,finance-product-team,provisional-repository-inferred
service,setPaymentStatus,commit,createAcctgTransAndEntriesForIncomingPayment,3,applications/accounting/servicedef/secas_ledger.xml,accounting,finance-product-team,provisional-repository-inferred
service,createPayment,commit,createAcctgTransAndEntriesForOutgoingPayment,1,applications/accounting/servicedef/secas_ledger.xml,accounting,finance-product-team,provisional-repository-inferred
service,setPaymentStatus,commit,createAcctgTransAndEntriesForOutgoingPayment,3,applications/accounting/servicedef/secas_ledger.xml,accounting,finance-product-team,provisional-repository-inferred
service,createPaymentApplication,commit,createAcctgTransAndEntriesForPaymentApplication,2,applications/accounting/servicedef/secas_ledger.xml,accounting,finance-product-team,provisional-repository-inferred
service,createPaymentApplication,commit,createAcctgTransAndEntriesForCustomerRefundPaymentApplication,2,applications/accounting/servicedef/secas_ledger.xml,accounting,finance-product-team,provisional-repository-inferred
service,createGlReconciliationEntry,commit,setGlReconciliationStatus,1,applications/accounting/servicedef/secas_ledger.xml,accounting,finance-product-team,provisional-repository-inferred
service,postAcctgTrans,commit,checkUpdateFixedAssetDepreciation,1,applications/accounting/servicedef/secas_ledger.xml,accounting,finance-product-team,provisional-repository-inferred
service,updateGlReconciliation,invoke,setGlReconciliationStatus,0,applications/accounting/servicedef/secas_ledger.xml,accounting,finance-product-team,provisional-repository-inferred
service,updateGlReconciliationEntry,commit,updateGlReconciliationLastModified,0,applications/accounting/servicedef/secas_ledger.xml,accounting,finance-product-team,provisional-repository-inferred
service,deleteGlReconciliationEntry,commit,updateGlReconciliationLastModified,0,applications/accounting/servicedef/secas_ledger.xml,accounting,finance-product-team,provisional-repository-inferred
service,setPaymentStatus,commit,checkPaymentInvoices,2,applications/accounting/servicedef/secas_payment.xml,accounting,finance-product-team,provisional-repository-inferred
service,setPaymentStatus,commit,checkPaymentInvoices,2,applications/accounting/servicedef/secas_payment.xml,accounting,finance-product-team,provisional-repository-inferred
service,createPaymentAndApplicationForParty,commit,createFinAccoutnTransFromPayment,1,applications/accounting/servicedef/secas_payment.xml,accounting,finance-product-team,provisional-repository-inferred
service,setFinAccountTransStatus,commit,expirePaymentAssociationsOnFinAccountTransCancel;updatePaymentOnFinAccTransStatusSetToCancel;updateFinAccountBalancesFromTrans,2,applications/accounting/servicedef/secas_payment.xml,accounting,finance-product-team,provisional-repository-inferred
service,removePaymentApplication,invoke,revertAcctgTransOnRemovePaymentApplications,0,applications/accounting/servicedef/secas_payment.xml,accounting,finance-product-team,provisional-repository-inferred
service,voidPayment,commit,setFinAccountTransStatus,2,applications/accounting/servicedef/secas_payment.xml,accounting,finance-product-team,provisional-repository-inferred
service,setPaymentStatus,commit,createMatchingPaymentApplication,2,applications/accounting/servicedef/secas_payment.xml,accounting,finance-product-team,provisional-repository-inferred
service,setPaymentStatus,commit,createMatchingPaymentApplication,2,applications/accounting/servicedef/secas_payment.xml,accounting,finance-product-team,provisional-repository-inferred
entity,ElectronicText,return,clearAssociatedRenderCache,0,applications/content/entitydef/eecas.xml,content-media,content-product-team,provisional-repository-inferred
entity,Content,return,indexContentKeywords,0,applications/content/entitydef/eecas.xml,content-media,content-product-team,provisional-repository-inferred
entity,Content,return,indexContentKeywords,0,applications/content/entitydef/eecas.xml,content-media,content-product-team,provisional-repository-inferred
entity,ContentAttribute,return,indexContentKeywords,0,applications/content/entitydef/eecas.xml,content-media,content-product-team,provisional-repository-inferred
entity,ContentMetaData,return,indexContentKeywords,0,applications/content/entitydef/eecas.xml,content-media,content-product-team,provisional-repository-inferred
entity,ContentRole,return,indexContentKeywords,0,applications/content/entitydef/eecas.xml,content-media,content-product-team,provisional-repository-inferred
entity,ProductContent,return,indexContentKeywords,0,applications/content/entitydef/eecas.xml,content-media,content-product-team,provisional-repository-inferred
entity,ProductCategoryContent,return,indexContentKeywords,0,applications/content/entitydef/eecas.xml,content-media,content-product-team,provisional-repository-inferred
entity,PartyContent,return,indexContentKeywords,0,applications/content/entitydef/eecas.xml,content-media,content-product-team,provisional-repository-inferred
entity,WebSiteContent,return,indexContentKeywords,0,applications/content/entitydef/eecas.xml,content-media,content-product-team,provisional-repository-inferred
entity,WorkEffortContent,return,indexContentKeywords,0,applications/content/entitydef/eecas.xml,content-media,content-product-team,provisional-repository-inferred
service,createFile,in-validate,createDataResource,1,applications/content/servicedef/secas.xml,content-media,content-product-team,provisional-repository-inferred
service,createSurveyQuestion,commit,createSurveyQuestionAppl,1,applications/content/servicedef/secas.xml,content-media,content-product-team,provisional-repository-inferred
service,createDataResource,commit,createDataResourceRole,2,applications/content/servicedef/secas.xml,content-media,content-product-team,provisional-repository-inferred
service,createDataResource,commit,createDataResourceRole,2,applications/content/servicedef/secas.xml,content-media,content-product-team,provisional-repository-inferred
service,createDataResource,commit,createDataResourceRole,3,applications/content/servicedef/secas.xml,content-media,content-product-team,provisional-repository-inferred
service,createOtherDataResource,in-validate,createDataResource,1,applications/content/servicedef/secas.xml,content-media,content-product-team,provisional-repository-inferred
service,createDataResourceRole,invoke,ensurePartyRole,0,applications/content/servicedef/secas.xml,content-media,content-product-team,provisional-repository-inferred
service,createDataText,invoke,createElectronicText,1,applications/content/servicedef/secas.xml,content-media,content-product-team,provisional-repository-inferred
service,createDataText,invoke,createElectronicText,2,applications/content/servicedef/secas.xml,content-media,content-product-team,provisional-repository-inferred
service,createDataText,invoke,createDataResource,2,applications/content/servicedef/secas.xml,content-media,content-product-team,provisional-repository-inferred
service,createDataText,invoke,createDataResource,2,applications/content/servicedef/secas.xml,content-media,content-product-team,provisional-repository-inferred
service,createDataText,invoke,createDataResource,3,applications/content/servicedef/secas.xml,content-media,content-product-team,provisional-repository-inferred
service,updateDataText,invoke,updateDataResource;updateElectronicText,1,applications/content/servicedef/secas.xml,content-media,content-product-team,provisional-repository-inferred
service,updateDataText,invoke,updateDataResource,1,applications/content/servicedef/secas.xml,content-media,content-product-team,provisional-repository-inferred
service,createElectronicText,invoke,createDataResource,1,applications/content/servicedef/secas.xml,content-media,content-product-team,provisional-repository-inferred
service,createContent,commit,createContentRole,2,applications/content/servicedef/secas.xml,content-media,content-product-team,provisional-repository-inferred
service,createContent,commit,createContentRole,2,applications/content/servicedef/secas.xml,content-media,content-product-team,provisional-repository-inferred
service,createContent,commit,createContentRole,3,applications/content/servicedef/secas.xml,content-media,content-product-team,provisional-repository-inferred
service,createContent,commit,createContentAssoc,2,applications/content/servicedef/secas.xml,content-media,content-product-team,provisional-repository-inferred
service,createContent,commit,createContentAssoc,2,applications/content/servicedef/secas.xml,content-media,content-product-team,provisional-repository-inferred
service,createContent,commit,createContentPurpose,1,applications/content/servicedef/secas.xml,content-media,content-product-team,provisional-repository-inferred
service,createContentRole,invoke,ensurePartyRole,0,applications/content/servicedef/secas.xml,content-media,content-product-team,provisional-repository-inferred
service,updateContent,commit,updateContentAssoc,3,applications/content/servicedef/secas.xml,content-media,content-product-team,provisional-repository-inferred
service,updateContent,commit,updateContentAssoc,4,applications/content/servicedef/secas.xml,content-media,content-product-team,provisional-repository-inferred
service,updateContent,commit,updateSingleContentPurpose,1,applications/content/servicedef/secas.xml,content-media,content-product-team,provisional-repository-inferred
service,updateRequirement,commit,createProductionRunFromRequirement,3,applications/manufacturing/servicedef/secas.xml,manufacturing,manufacturing-product-team,provisional-repository-inferred
service,createRequirement,commit,createProductionRunFromRequirement,2,applications/manufacturing/servicedef/secas.xml,manufacturing,manufacturing-product-team,provisional-repository-inferred
service,createBOMAssoc,commit,updateLowLevelCode,1,applications/manufacturing/servicedef/secas.xml,manufacturing,manufacturing-product-team,provisional-repository-inferred
service,deleteProductAssoc,commit,updateLowLevelCode,1,applications/manufacturing/servicedef/secas.xml,manufacturing,manufacturing-product-team,provisional-repository-inferred
service,changeProductionRunStatus,return,autoReserveWorkEffortInventory,2,applications/manufacturing/servicedef/secas.xml,manufacturing,manufacturing-product-team,provisional-repository-inferred
service,balanceInventoryItems,commit,reassignWorkEffortInventoryReservations,1,applications/manufacturing/servicedef/secas.xml,manufacturing,manufacturing-product-team,provisional-repository-inferred
service,createContactListPartyStatus,commit,sendContactListPartyVerifyEmail,1,applications/marketing/servicedef/secas.xml,marketing-sales,marketing-product-team,provisional-repository-inferred
service,createContactListPartyStatus,commit,sendContactListPartySubscribeEmail,1,applications/marketing/servicedef/secas.xml,marketing-sales,marketing-product-team,provisional-repository-inferred
service,updatePartyEmailAddress,return,updatePartyEmailContactListParty,0,applications/marketing/servicedef/secas.xml,marketing-sales,marketing-product-team,provisional-repository-inferred
service,updateContactListParty,commit,sendContactListPartyUnSubscribeEmail,1,applications/marketing/servicedef/secas.xml,marketing-sales,marketing-product-team,provisional-repository-inferred
service,createContactListPartyStatus,commit,sendContactListPartyUnSubscribeEmail,1,applications/marketing/servicedef/secas.xml,marketing-sales,marketing-product-team,provisional-repository-inferred
service,createContactListPartyStatus,commit,sendContactListPartyUnSubscribeVerifyEmail,1,applications/marketing/servicedef/secas.xml,marketing-sales,marketing-product-team,provisional-repository-inferred
service,updateCommunicationEvent,commit,updateCommStatusFromCommEvent,1,applications/marketing/servicedef/secas.xml,marketing-sales,marketing-product-team,provisional-repository-inferred
service,updateContactListCommStatus,commit,updateContactListParty,3,applications/marketing/servicedef/secas.xml,marketing-sales,marketing-product-team,provisional-repository-inferred
service,createLead,commit,createContactListParty,2,applications/marketing/servicedef/secas.xml,marketing-sales,marketing-product-team,provisional-repository-inferred
service,createContact,commit,createContactListParty,2,applications/marketing/servicedef/secas.xml,marketing-sales,marketing-product-team,provisional-repository-inferred
entity,OrderHeader,return,issueImmediatelyFulfilledOrder,2,applications/order/entitydef/eecas.xml,order-management,order-product-team,provisional-repository-inferred
entity,OrderItem,return,checkUpdateQuoteStatus,1,applications/order/entitydef/eecas.xml,order-management,order-product-team,provisional-repository-inferred
entity,OrderPaymentPreference,return,changeOrderPaymentStatus,2,applications/order/entitydef/eecas.xml,order-management,order-product-team,provisional-repository-inferred
service,storeOrder,return,resetGrandTotal;addSuggestionsToShoppingList,0,applications/order/servicedef/secas.xml,order-management,order-product-team,provisional-repository-inferred
service,storeOrder,return,checkCreateDropShipPurchaseOrders,1,applications/order/servicedef/secas.xml,order-management,order-product-team,provisional-repository-inferred
service,storeOrder,return,balanceOrderItemsWithNegativeReservations,0,applications/order/servicedef/secas.xml,order-management,order-product-team,provisional-repository-inferred
service,storeOrder,return,setUnitPriceAsLastPrice,1,applications/order/servicedef/secas.xml,order-management,order-product-team,provisional-repository-inferred
service,storeOrder,return,setOrderReservationPriority,0,applications/order/servicedef/secas.xml,order-management,order-product-team,provisional-repository-inferred
service,updateOrderItems,commit,setUnitPriceAsLastPrice,1,applications/order/servicedef/secas.xml,order-management,order-product-team,provisional-repository-inferred
service,receiveInventoryProduct,commit,addProductsBackToCategory;setUnitPriceAsLastPrice,1,applications/order/servicedef/secas.xml,order-management,order-product-team,provisional-repository-inferred
service,receiveInventoryProduct,commit,addProductsBackToCategory,2,applications/order/servicedef/secas.xml,order-management,order-product-team,provisional-repository-inferred
service,changeOrderItemStatus,commit,cancelOrderInventoryReservation;cancleOrderItemGroupOrder;recalcShippingTotal;recalcTaxTotal;resetGrandTotal;checkOrderItemStatus,1,applications/order/servicedef/secas.xml,order-management,order-product-team,provisional-repository-inferred
service,changeOrderItemStatus,commit,checkOrderItemStatus,1,applications/order/servicedef/secas.xml,order-management,order-product-team,provisional-repository-inferred
service,changeOrderItemStatus,commit,checkOrderItemStatus,1,applications/order/servicedef/secas.xml,order-management,order-product-team,provisional-repository-inferred
service,changeOrderItemStatus,commit,checkDigitalItemFulfillment,1,applications/order/servicedef/secas.xml,order-management,order-product-team,provisional-repository-inferred
service,changeOrderItemStatus,commit,invoiceServiceItems,1,applications/order/servicedef/secas.xml,order-management,order-product-team,provisional-repository-inferred
service,changeOrderStatus,commit,releaseOrderPayments;processRefundReturnForReplacement,1,applications/order/servicedef/secas.xml,order-management,order-product-team,provisional-repository-inferred
service,changeOrderStatus,global-commit-post-run,createInvoiceFromOrder;resetGrandTotal;sendOrderCompleteNotification;createReturnItemForRental,2,applications/order/servicedef/secas.xml,order-management,order-product-team,provisional-repository-inferred
service,changeOrderStatus,commit,createPaymentFromOrder,3,applications/order/servicedef/secas.xml,order-management,order-product-team,provisional-repository-inferred
service,changeOrderStatus,commit,createPaymentFromOrder,3,applications/order/servicedef/secas.xml,order-management,order-product-team,provisional-repository-inferred
service,changeOrderStatus,commit,updateContentSubscriptionByOrder;processExtendSubscriptionByOrder,3,applications/order/servicedef/secas.xml,order-management,order-product-team,provisional-repository-inferred
service,createOrderAdjustment,commit,resetGrandTotal,0,applications/order/servicedef/secas.xml,order-management,order-product-team,provisional-repository-inferred
service,updateOrderAdjustment,commit,resetGrandTotal,0,applications/order/servicedef/secas.xml,order-management,order-product-team,provisional-repository-inferred
service,deleteOrderAdjustment,commit,resetGrandTotal,0,applications/order/servicedef/secas.xml,order-management,order-product-team,provisional-repository-inferred
service,updateOrderItems,commit,resetGrandTotal;sendOrderChangeNotification,0,applications/order/servicedef/secas.xml,order-management,order-product-team,provisional-repository-inferred
service,appendOrderItem,commit,resetGrandTotal,0,applications/order/servicedef/secas.xml,order-management,order-product-team,provisional-repository-inferred
service,cancelOrderItem,global-commit-post-run,recreateOrderAdjustments;resetGrandTotal;sendOrderChangeNotification,0,applications/order/servicedef/secas.xml,order-management,order-product-team,provisional-repository-inferred
service,updateOrderItems,return,processOrderPayments,0,applications/order/servicedef/secas.xml,order-management,order-product-team,provisional-repository-inferred
service,appendOrderItem,return,processOrderPayments,0,applications/order/servicedef/secas.xml,order-management,order-product-team,provisional-repository-inferred
service,sendOrderConfirmation,commit,createOrderNotificationLog,0,applications/order/servicedef/secas.xml,order-management,order-product-team,provisional-repository-inferred
service,sendOrderChangeNotification,commit,createOrderNotificationLog,0,applications/order/servicedef/secas.xml,order-management,order-product-team,provisional-repository-inferred
service,sendOrderCompleteNotification,commit,createOrderNotificationLog,0,applications/order/servicedef/secas.xml,order-management,order-product-team,provisional-repository-inferred
service,sendOrderBackorderNotification,commit,createOrderNotificationLog,0,applications/order/servicedef/secas.xml,order-management,order-product-team,provisional-repository-inferred
service,sendOrderPayRetryNotification,commit,createOrderNotificationLog,0,applications/order/servicedef/secas.xml,order-management,order-product-team,provisional-repository-inferred
service,createOrderDeliverySchedule,commit,sendOrderDeliveryScheduleNotification,0,applications/order/servicedef/secas.xml,order-management,order-product-team,provisional-repository-inferred
service,updateOrderDeliverySchedule,commit,sendOrderDeliveryScheduleNotification,0,applications/order/servicedef/secas.xml,order-management,order-product-team,provisional-repository-inferred
service,createReturnHeader,commit,createReturnStatus,0,applications/order/servicedef/secas.xml,order-management,order-product-team,provisional-repository-inferred
service,updateReturnHeader,commit,checkReturnComplete,0,applications/order/servicedef/secas.xml,order-management,order-product-team,provisional-repository-inferred
service,updateReturnHeader,return,quickReceiveReturn,1,applications/order/servicedef/secas.xml,order-management,order-product-team,provisional-repository-inferred
service,updateReturnHeader,commit,processWaitReplacementReservedReturn;processReplaceImmediatelyReturn;createShipmentAndItemsForReturn;processCrossShipReplacementReturn;createTrackingCodeOrderReturns;sendReturnAcceptNotification;processRefundImmediatelyReturn;createReturnStatus,2,applications/order/servicedef/secas.xml,order-management,order-product-team,provisional-repository-inferred
service,updateReturnHeader,commit,addProductsBackToCategory;processWaitReplacementReturn;processWaitReplacementReservedReturn;processRepairReplacementReturn;processCreditReturn;processRefundOnlyReturn,2,applications/order/servicedef/secas.xml,order-management,order-product-team,provisional-repository-inferred
service,updateReturnStatusFromReceipt,global-commit-post-run,addProductsBackToCategory;processWaitReplacementReturn;processRepairReplacementReturn;processCreditReturn;processRefundOnlyReturn,1,applications/order/servicedef/secas.xml,order-management,order-product-team,provisional-repository-inferred
service,updateReturnHeader,commit,sendReturnCompleteNotification;processSubscriptionReturn;createReturnStatus;createInvoiceFromReturn,2,applications/order/servicedef/secas.xml,order-management,order-product-team,provisional-repository-inferred
service,updateReturnHeader,commit,cancelReturnItems;createReturnStatus;sendReturnCancelNotification,2,applications/order/servicedef/secas.xml,order-management,order-product-team,provisional-repository-inferred
service,updateReturnHeader,commit,createReturnStatus;processWaitReplacementReturn,2,applications/order/servicedef/secas.xml,order-management,order-product-team,provisional-repository-inferred
service,updateReturnHeader,commit,updateReturnItemsStatus,2,applications/order/servicedef/secas.xml,order-management,order-product-team,provisional-repository-inferred
service,updateReturnItem,commit,cancelReplacementOrderItems,2,applications/order/servicedef/secas.xml,order-management,order-product-team,provisional-repository-inferred
service,processReplacementReturn,commit,checkReturnComplete,0,applications/order/servicedef/secas.xml,order-management,order-product-team,provisional-repository-inferred
service,processCreditReturn,commit,checkReturnComplete,0,applications/order/servicedef/secas.xml,order-management,order-product-team,provisional-repository-inferred
service,processRefundReturn,commit,checkReturnComplete,0,applications/order/servicedef/secas.xml,order-management,order-product-team,provisional-repository-inferred
service,storeOrder,commit,createExchangeOrderAssoc,1,applications/order/servicedef/secas.xml,order-management,order-product-team,provisional-repository-inferred
service,createShoppingList,in-validate,splitShipmentMethodString,1,applications/order/servicedef/secas.xml,order-management,order-product-team,provisional-repository-inferred
service,updateShoppingList,in-validate,splitShipmentMethodString,1,applications/order/servicedef/secas.xml,order-management,order-product-team,provisional-repository-inferred
service,createShoppingList,in-validate,createShoppingListRecurrence,1,applications/order/servicedef/secas.xml,order-management,order-product-team,provisional-repository-inferred
service,updateShoppingList,in-validate,createShoppingListRecurrence,1,applications/order/servicedef/secas.xml,order-management,order-product-team,provisional-repository-inferred
service,createShoppingListItem,in-validate,createShoppingList,1,applications/order/servicedef/secas.xml,order-management,order-product-team,provisional-repository-inferred
service,storeOrder,commit,updateShoppingListQuantitiesFromOrder,0,applications/order/servicedef/secas.xml,order-management,order-product-team,provisional-repository-inferred
service,createCustRequest,commit,updateCommunicationEvent,2,applications/order/servicedef/secas.xml,order-management,order-product-team,provisional-repository-inferred
service,updateCustRequest,commit,updateCommunicationEvent,2,applications/order/servicedef/secas.xml,order-management,order-product-team,provisional-repository-inferred
service,createCustRequestItemNote,commit,createSystemInfoNote,0,applications/order/servicedef/secas.xml,order-management,order-product-team,provisional-repository-inferred
service,createRequirement,commit,createRequirementCustRequest,2,applications/order/servicedef/secas.xml,order-management,order-product-team,provisional-repository-inferred
service,createRequirement,global-commit-post-run,createRequirementStatus,1,applications/order/servicedef/secas.xml,order-management,order-product-team,provisional-repository-inferred
service,updateRequirement,global-commit,createRequirementStatus,1,applications/order/servicedef/secas.xml,order-management,order-product-team,provisional-repository-inferred
service,createRequirement,commit,autoAssignRequirementToSupplier,2,applications/order/servicedef/secas.xml,order-management,order-product-team,provisional-repository-inferred
service,createItemIssuance,invoke,checkCreateStockRequirementQoh,1,applications/order/servicedef/secas.xml,order-management,order-product-team,provisional-repository-inferred
service,updateItemIssuance,invoke,checkCreateStockRequirementQoh,1,applications/order/servicedef/secas.xml,order-management,order-product-team,provisional-repository-inferred
service,reserveOrderItemInventory,commit,checkCreateStockRequirementAtp,1,applications/order/servicedef/secas.xml,order-management,order-product-team,provisional-repository-inferred
service,changeOrderStatus,commit,createAutoRequirementsForOrder;createATPRequirementsForOrder,3,applications/order/servicedef/secas.xml,order-management,order-product-team,provisional-repository-inferred
service,changeOrderStatus,commit,updateRequirementsToOrdered,3,applications/order/servicedef/secas.xml,order-management,order-product-team,provisional-repository-inferred
service,createQuoteRole,invoke,ensurePartyRole,0,applications/order/servicedef/secas.xml,order-management,order-product-team,provisional-repository-inferred
service,setCustRequestStatus,commit,sendMailFromTemplateSetting,4,applications/order/servicedef/secas.xml,order-management,order-product-team,provisional-repository-inferred
service,setCustRequestStatus,commit,sendMailFromTemplateSetting,3,applications/order/servicedef/secas.xml,order-management,order-product-team,provisional-repository-inferred
service,createCustRequestItemNote,commit,sendMailFromTemplateSetting,1,applications/order/servicedef/secas.xml,order-management,order-product-team,provisional-repository-inferred
service,createSalesOpportunity,commit,createSalesOpportunityAccountRole,1,applications/order/servicedef/secas.xml,order-management,order-product-team,provisional-repository-inferred
service,updateSalesOpportunity,commit,createSalesOpportunityAccountRole,1,applications/order/servicedef/secas.xml,order-management,order-product-team,provisional-repository-inferred
service,createSalesOpportunity,commit,createSalesOpportunityLeadRole,1,applications/order/servicedef/secas.xml,order-management,order-product-team,provisional-repository-inferred
service,updateSalesOpportunity,commit,createSalesOpportunityLeadRole,1,applications/order/servicedef/secas.xml,order-management,order-product-team,provisional-repository-inferred
service,createReturnItem,commit,createReturnStatus,0,applications/order/servicedef/secas.xml,order-management,order-product-team,provisional-repository-inferred
service,updateReturnItem,commit,createReturnStatus,2,applications/order/servicedef/secas.xml,order-management,order-product-team,provisional-repository-inferred
service,createUpdateCustomerAndShippingAddress,invoke,setAnonUserLogin,0,applications/order/servicedef/secas.xml,order-management,order-product-team,provisional-repository-inferred
service,createPaymentFromPreference,commit,createOrderPaymentApplication,1,applications/order/servicedef/secas.xml,order-management,order-product-team,provisional-repository-inferred
service,deleteOrderAdjustment,commit,deleteOrderProductPromoCode,2,applications/order/servicedef/secas.xml,order-management,order-product-team,provisional-repository-inferred
service,storeOrder,commit,checkOrderItemForProductGroupOrder,1,applications/order/servicedef/secas.xml,order-management,order-product-team,provisional-repository-inferred
service,updateShipGroupShipInfo,commit,resetGrandTotal,0,applications/order/servicedef/secas.xml,order-management,order-product-team,provisional-repository-inferred
service,storeOrder,return,associateOrderWithAllocationPlans,2,applications/order/servicedef/secas.xml,order-management,order-product-team,provisional-repository-inferred
service,changeOrderItemStatus,commit,completeAllocationPlanItemByOrderItem,1,applications/order/servicedef/secas.xml,order-management,order-product-team,provisional-repository-inferred
service,changeOrderItemStatus,commit,cancelAllocationPlanItemByOrderItem,1,applications/order/servicedef/secas.xml,order-management,order-product-team,provisional-repository-inferred
service,updateOrderItems,commit,updateAllocatedQuantityOnOrderItemChange,0,applications/order/servicedef/secas.xml,order-management,order-product-team,provisional-repository-inferred
service,changeAllocationPlanStatus,commit,approveAllocationPlanItems,1,applications/order/servicedef/secas.xml,order-management,order-product-team,provisional-repository-inferred
service,changeAllocationPlanStatus,commit,cancelAllocationPlanItems,1,applications/order/servicedef/secas.xml,order-management,order-product-team,provisional-repository-inferred
service,createCustRequestItem,invoke,checkStatusCustRequest,0,applications/order/servicedef/secas.xml,order-management,order-product-team,provisional-repository-inferred
service,updateCustRequestItem,invoke,checkStatusCustRequest,0,applications/order/servicedef/secas.xml,order-management,order-product-team,provisional-repository-inferred
service,createCustRequestItem,commit,updateCustRequestLastModifiedDate,0,applications/order/servicedef/secas.xml,order-management,order-product-team,provisional-repository-inferred
service,updateCustRequestItem,commit,updateCustRequestLastModifiedDate,0,applications/order/servicedef/secas.xml,order-management,order-product-team,provisional-repository-inferred
service,createRequirementRole,invoke,ensurePartyRole,0,applications/order/servicedef/secas.xml,order-management,order-product-team,provisional-repository-inferred
service,createCustRequestParty,invoke,checkStatusCustRequest;ensurePartyRole,0,applications/order/servicedef/secas.xml,order-management,order-product-team,provisional-repository-inferred
service,updateCustRequestParty,invoke,checkStatusCustRequest,0,applications/order/servicedef/secas.xml,order-management,order-product-team,provisional-repository-inferred
service,deleteCustRequestParty,invoke,checkStatusCustRequest,0,applications/order/servicedef/secas.xml,order-management,order-product-team,provisional-repository-inferred
service,expireCustRequestParty,invoke,checkStatusCustRequest,0,applications/order/servicedef/secas.xml,order-management,order-product-team,provisional-repository-inferred
service,createCustRequestParty,commit,updateCustRequestLastModifiedDate,0,applications/order/servicedef/secas.xml,order-management,order-product-team,provisional-repository-inferred
service,updateCustRequestParty,commit,updateCustRequestLastModifiedDate,0,applications/order/servicedef/secas.xml,order-management,order-product-team,provisional-repository-inferred
service,deleteCustRequestParty,commit,updateCustRequestLastModifiedDate,0,applications/order/servicedef/secas.xml,order-management,order-product-team,provisional-repository-inferred
service,expireCustRequestParty,commit,updateCustRequestLastModifiedDate,0,applications/order/servicedef/secas.xml,order-management,order-product-team,provisional-repository-inferred
service,createCustRequestContent,invoke,checkStatusCustRequest,0,applications/order/servicedef/secas.xml,order-management,order-product-team,provisional-repository-inferred
service,deleteCustRequestContent,invoke,checkStatusCustRequest,0,applications/order/servicedef/secas.xml,order-management,order-product-team,provisional-repository-inferred
service,expireCustRequestContent,invoke,checkStatusCustRequest,0,applications/order/servicedef/secas.xml,order-management,order-product-team,provisional-repository-inferred
service,createCustRequestContent,commit,updateCustRequestLastModifiedDate,0,applications/order/servicedef/secas.xml,order-management,order-product-team,provisional-repository-inferred
service,deleteCustRequestContent,commit,updateCustRequestLastModifiedDate,0,applications/order/servicedef/secas.xml,order-management,order-product-team,provisional-repository-inferred
service,expireCustRequestContent,commit,updateCustRequestLastModifiedDate,0,applications/order/servicedef/secas.xml,order-management,order-product-team,provisional-repository-inferred
service,createCustRequestAttribute,commit,updateCustRequestLastModifiedDate,0,applications/order/servicedef/secas.xml,order-management,order-product-team,provisional-repository-inferred
service,updateCustRequestAttribute,commit,updateCustRequestLastModifiedDate,0,applications/order/servicedef/secas.xml,order-management,order-product-team,provisional-repository-inferred
service,createPerson,commit,ensureNaPartyRole,0,applications/party/servicedef/secas.xml,party-customer,customer-product-team,provisional-repository-inferred
service,createPerson,commit,createMaritalStatus,1,applications/party/servicedef/secas.xml,party-customer,customer-product-team,provisional-repository-inferred
service,createProductStoreRole,invoke,ensurePartyRole,0,applications/party/servicedef/secas.xml,party-customer,customer-product-team,provisional-repository-inferred
service,createPartyGroup,commit,ensureNaPartyRole,0,applications/party/servicedef/secas.xml,party-customer,customer-product-team,provisional-repository-inferred
service,createAffiliate,commit,ensureNaPartyRole,0,applications/party/servicedef/secas.xml,party-customer,customer-product-team,provisional-repository-inferred
service,updatePerson,invoke,savePartyNameChange,0,applications/party/servicedef/secas.xml,party-customer,customer-product-team,provisional-repository-inferred
service,updatePerson,invoke,saveMaritalStatusChange,1,applications/party/servicedef/secas.xml,party-customer,customer-product-team,provisional-repository-inferred
service,updatePartyGroup,invoke,savePartyNameChange,0,applications/party/servicedef/secas.xml,party-customer,customer-product-team,provisional-repository-inferred
service,createPartyRelationship,invoke,ensurePartyRoleFrom,1,applications/party/servicedef/secas.xml,party-customer,customer-product-team,provisional-repository-inferred
service,createPartyRelationship,invoke,ensurePartyRoleTo,1,applications/party/servicedef/secas.xml,party-customer,customer-product-team,provisional-repository-inferred
service,createPartyContactMech,commit,createPartyContactMechPurpose,2,applications/party/servicedef/secas.xml,party-customer,customer-product-team,provisional-repository-inferred
service,createCommEventWorkEffort,invoke,createWorkEffort,1,applications/party/servicedef/secas.xml,party-customer,customer-product-team,provisional-repository-inferred
service,sendMailMultiPart,in-validate,createCommEventFromEmail,2,applications/party/servicedef/secas.xml,party-customer,customer-product-team,provisional-repository-inferred
service,sendMail,in-validate,createCommEventFromEmail,2,applications/party/servicedef/secas.xml,party-customer,customer-product-team,provisional-repository-inferred
service,sendMailMultiPart,commit,updateCommEventAfterEmail,2,applications/party/servicedef/secas.xml,party-customer,customer-product-team,provisional-repository-inferred
service,sendMail,commit,updateCommEventAfterEmail,2,applications/party/servicedef/secas.xml,party-customer,customer-product-team,provisional-repository-inferred
service,sendContentToFtp,in-validate,createCommEventFromFtpTransfer,1,applications/party/servicedef/secas.xml,party-customer,customer-product-team,provisional-repository-inferred
service,sendContentToFtp,commit,setCommEventComplete,1,applications/party/servicedef/secas.xml,party-customer,customer-product-team,provisional-repository-inferred
service,sendEmailToContactList,commit,setCommEventComplete,0,applications/party/servicedef/secas.xml,party-customer,customer-product-team,provisional-repository-inferred
service,updatePassword,commit,sendUpdatePersonalInfoEmailNotification,0,applications/party/servicedef/secas.xml,party-customer,customer-product-team,provisional-repository-inferred
service,createEmailAddressVerification,commit,sendVerifyEmailAddressNotification,0,applications/party/servicedef/secas.xml,party-customer,customer-product-team,provisional-repository-inferred
service,updateCommunicationEvent,commit,createSystemInfoNote,3,applications/party/servicedef/secas.xml,party-customer,customer-product-team,provisional-repository-inferred
service,updateCommunicationEvent,commit,createSystemInfoNote,3,applications/party/servicedef/secas.xml,party-customer,customer-product-team,provisional-repository-inferred
service,updateCommunicationEvent,commit,createSystemInfoNote,3,applications/party/servicedef/secas.xml,party-customer,customer-product-team,provisional-repository-inferred
service,createCommunicationEvent,commit,createSystemInfoNote,3,applications/party/servicedef/secas.xml,party-customer,customer-product-team,provisional-repository-inferred
service,createCommunicationEvent,commit,createSystemInfoNote,3,applications/party/servicedef/secas.xml,party-customer,customer-product-team,provisional-repository-inferred
service,createCommunicationEvent,commit,createSystemInfoNote,3,applications/party/servicedef/secas.xml,party-customer,customer-product-team,provisional-repository-inferred
entity,Product,return,indexProductKeywords,1,applications/product/entitydef/eecas.xml,product-catalog,catalog-product-team,provisional-repository-inferred
entity,Product,return,indexProductKeywords,1,applications/product/entitydef/eecas.xml,product-catalog,catalog-product-team,provisional-repository-inferred
entity,GoodIdentification,return,indexProductKeywords,0,applications/product/entitydef/eecas.xml,product-catalog,catalog-product-team,provisional-repository-inferred
entity,ProductAttribute,return,indexProductKeywords,0,applications/product/entitydef/eecas.xml,product-catalog,catalog-product-team,provisional-repository-inferred
entity,ProductFeatureAppl,return,indexProductKeywords,0,applications/product/entitydef/eecas.xml,product-catalog,catalog-product-team,provisional-repository-inferred
entity,ProductContent,return,indexProductKeywords,0,applications/product/entitydef/eecas.xml,product-catalog,catalog-product-team,provisional-repository-inferred
entity,InventoryItem,return,checkProductInventoryDiscontinuation,3,applications/product/entitydef/eecas.xml,product-catalog,catalog-product-team,provisional-repository-inferred
entity,InventoryItem,return,updateSerializedInventoryTotals,0,applications/product/entitydef/eecas.xml,product-catalog,catalog-product-team,provisional-repository-inferred
entity,InventoryItem,return,createInventoryItemCheckSetAtpQoh,0,applications/product/entitydef/eecas.xml,product-catalog,catalog-product-team,provisional-repository-inferred
entity,InventoryItem,return,createInventoryItemStatus,1,applications/product/entitydef/eecas.xml,product-catalog,catalog-product-team,provisional-repository-inferred
entity,InventoryItemDetail,return,updateInventoryItemFromDetail,0,applications/product/entitydef/eecas.xml,product-catalog,catalog-product-team,provisional-repository-inferred
entity,InventoryItemDetail,return,setLastInventoryCount,1,applications/product/entitydef/eecas.xml,product-catalog,catalog-product-team,provisional-repository-inferred
entity,Picklist,return,cancelPicklistAndItems,1,applications/product/entitydef/eecas.xml,product-catalog,catalog-product-team,provisional-repository-inferred
entity,ProductGroupOrder,return,createJobForProductGroupOrder,0,applications/product/entitydef/eecas.xml,product-catalog,catalog-product-team,provisional-repository-inferred
service,updateInventoryItem,commit,createInventoryItemStatus,2,applications/product/servicedef/secas.xml,product-catalog,catalog-product-team,provisional-repository-inferred
service,updateInventoryItem,commit,createInventoryItemStatus,3,applications/product/servicedef/secas.xml,product-catalog,catalog-product-team,provisional-repository-inferred
service,updateInventoryItem,commit,createInventoryItemStatus,3,applications/product/servicedef/secas.xml,product-catalog,catalog-product-team,provisional-repository-inferred
service,createItemIssuance,return,changeOwnerUponIssuance,2,applications/product/servicedef/secas.xml,product-catalog,catalog-product-team,provisional-repository-inferred
service,createInventoryTransfer,invoke,prepareInventoryTransfer,1,applications/product/servicedef/secas.xml,product-catalog,catalog-product-team,provisional-repository-inferred
service,createInventoryTransfer,commit,completeInventoryTransfer;balanceInventoryItems,1,applications/product/servicedef/secas.xml,product-catalog,catalog-product-team,provisional-repository-inferred
service,updateInventoryTransfer,invoke,cancelInventoryTransfer,1,applications/product/servicedef/secas.xml,product-catalog,catalog-product-team,provisional-repository-inferred
service,updateInventoryTransfer,commit,completeInventoryTransfer;balanceInventoryItems,1,applications/product/servicedef/secas.xml,product-catalog,catalog-product-team,provisional-repository-inferred
service,createPhysicalInventoryAndVariance,commit,balanceInventoryItems,0,applications/product/servicedef/secas.xml,product-catalog,catalog-product-team,provisional-repository-inferred
service,balanceInventoryItems,commit,updateProductIfAvailableFromShipment,0,applications/product/servicedef/secas.xml,product-catalog,catalog-product-team,provisional-repository-inferred
service,createProductPrice,commit,saveProductPriceChange,0,applications/product/servicedef/secas.xml,product-catalog,catalog-product-team,provisional-repository-inferred
service,updateProductPrice,commit,saveProductPriceChange,1,applications/product/servicedef/secas.xml,product-catalog,catalog-product-team,provisional-repository-inferred
service,deleteProductPrice,commit,saveProductPriceChange,0,applications/product/servicedef/secas.xml,product-catalog,catalog-product-team,provisional-repository-inferred
service,addPartyToCategory,invoke,ensureNaPartyRole,1,applications/product/servicedef/secas.xml,product-catalog,catalog-product-team,provisional-repository-inferred
service,addPartyToFacility,invoke,ensureNaPartyRole,1,applications/product/servicedef/secas.xml,product-catalog,catalog-product-team,provisional-repository-inferred
service,addPartyToFacility,invoke,ensurePartyRole,1,applications/product/servicedef/secas.xml,product-catalog,catalog-product-team,provisional-repository-inferred
service,addPartyToFacilityGroup,invoke,ensureNaPartyRole,1,applications/product/servicedef/secas.xml,product-catalog,catalog-product-team,provisional-repository-inferred
service,addPartyToFacilityGroup,invoke,ensurePartyRole,1,applications/product/servicedef/secas.xml,product-catalog,catalog-product-team,provisional-repository-inferred
service,addProdCatalogToParty,invoke,ensureNaPartyRole,1,applications/product/servicedef/secas.xml,product-catalog,catalog-product-team,provisional-repository-inferred
service,createProductContent,in-validate,createContent,1,applications/product/servicedef/secas.xml,product-catalog,catalog-product-team,provisional-repository-inferred
service,createPicklistFromOrders,in-validate,convertPickOrderIdListToHeaders,2,applications/product/servicedef/secas.xml,product-catalog,catalog-product-team,provisional-repository-inferred
service,receiveInventoryProduct,commit,updateIssuanceShipmentAndPoOnReceiveInventory,2,applications/product/servicedef/secas.xml,product-catalog,catalog-product-team,provisional-repository-inferred
service,receiveInventoryProduct,commit,updateProductAverageCostOnReceiveInventory,1,applications/product/servicedef/secas.xml,product-catalog,catalog-product-team,provisional-repository-inferred
service,deletePartyRole,commit,removeImageContentApproval,1,applications/product/servicedef/secas.xml,product-catalog,catalog-product-team,provisional-repository-inferred
service,updateProductStoreGroup,commit,checkProductStoreGroupRollup,1,applications/product/servicedef/secas.xml,product-catalog,catalog-product-team,provisional-repository-inferred
service,createProductStoreGroupRollup,commit,checkProductStoreGroupRollup,0,applications/product/servicedef/secas.xml,product-catalog,catalog-product-team,provisional-repository-inferred
service,updateShipment,commit,checkCancelItemIssuanceAndOrderShipmentFromShipment,3,applications/product/servicedef/secas_shipment.xml,product-catalog,catalog-product-team,provisional-repository-inferred
service,updateShipment,commit,createInvoicesFromShipment,3,applications/product/servicedef/secas_shipment.xml,product-catalog,catalog-product-team,provisional-repository-inferred
service,updateShipment,commit,createInvoicesFromShipment;setInvoicesToReadyFromShipment,3,applications/product/servicedef/secas_shipment.xml,product-catalog,catalog-product-team,provisional-repository-inferred
service,updateShipment,commit,sendShipmentCompleteNotification,3,applications/product/servicedef/secas_shipment.xml,product-catalog,catalog-product-team,provisional-repository-inferred
service,updateShipment,commit,balanceItemIssuancesForShipment;createInvoicesFromShipment,3,applications/product/servicedef/secas_shipment.xml,product-catalog,catalog-product-team,provisional-repository-inferred
service,updateShipment,commit,createInvoicesFromShipment,3,applications/product/servicedef/secas_shipment.xml,product-catalog,catalog-product-team,provisional-repository-inferred
service,updateShipment,commit,createSalesInvoicesFromDropShipment,3,applications/product/servicedef/secas_shipment.xml,product-catalog,catalog-product-team,provisional-repository-inferred
service,updateShipment,commit,createInvoicesFromReturnShipment,3,applications/product/servicedef/secas_shipment.xml,product-catalog,catalog-product-team,provisional-repository-inferred
service,updateShipment,commit,createInvoicesFromReturnShipment,3,applications/product/servicedef/secas_shipment.xml,product-catalog,catalog-product-team,provisional-repository-inferred
service,createShipment,commit,sendShipmentScheduledNotification,1,applications/product/servicedef/secas_shipment.xml,product-catalog,catalog-product-team,provisional-repository-inferred
service,updateShipment,commit,sendShipmentScheduledNotification,2,applications/product/servicedef/secas_shipment.xml,product-catalog,catalog-product-team,provisional-repository-inferred
service,createShipment,commit,setShipmentSettingsFromFacilities,1,applications/product/servicedef/secas_shipment.xml,product-catalog,catalog-product-team,provisional-repository-inferred
service,createShipment,commit,setShipmentSettingsFromFacilities,1,applications/product/servicedef/secas_shipment.xml,product-catalog,catalog-product-team,provisional-repository-inferred
service,updateShipment,commit,setShipmentSettingsFromFacilities,2,applications/product/servicedef/secas_shipment.xml,product-catalog,catalog-product-team,provisional-repository-inferred
service,updateShipment,commit,setShipmentSettingsFromFacilities,2,applications/product/servicedef/secas_shipment.xml,product-catalog,catalog-product-team,provisional-repository-inferred
service,createShipment,commit,setShipmentSettingsFromPrimaryOrder,1,applications/product/servicedef/secas_shipment.xml,product-catalog,catalog-product-team,provisional-repository-inferred
service,updateShipment,commit,setShipmentSettingsFromPrimaryOrder,2,applications/product/servicedef/secas_shipment.xml,product-catalog,catalog-product-team,provisional-repository-inferred
service,createShipment,commit,checkAndCreateWorkEffort,1,applications/product/servicedef/secas_shipment.xml,product-catalog,catalog-product-team,provisional-repository-inferred
service,createShipment,commit,checkAndCreateWorkEffort,1,applications/product/servicedef/secas_shipment.xml,product-catalog,catalog-product-team,provisional-repository-inferred
service,createShipment,commit,createShipmentStatus,1,applications/product/servicedef/secas_shipment.xml,product-catalog,catalog-product-team,provisional-repository-inferred
service,createShipmentReceipt,commit,checkDecomposeInventoryItem;updateReturnStatusFromReceipt,1,applications/product/servicedef/secas_shipment.xml,product-catalog,catalog-product-team,provisional-repository-inferred
service,createShipmentReceipt,commit,updateOrderStatusFromReceipt,1,applications/product/servicedef/secas_shipment.xml,product-catalog,catalog-product-team,provisional-repository-inferred
service,createShipmentReceipt,commit,checkDecomposeInventoryItem,1,applications/product/servicedef/secas_shipment.xml,product-catalog,catalog-product-team,provisional-repository-inferred
service,createShipmentReceipt,commit,updatePurchaseShipmentFromReceipt,1,applications/product/servicedef/secas_shipment.xml,product-catalog,catalog-product-team,provisional-repository-inferred
service,createShipmentRouteSegment,commit,ensureRouteSegPackage,0,applications/product/servicedef/secas_shipment.xml,product-catalog,catalog-product-team,provisional-repository-inferred
service,updateShipmentRouteSegment,commit,ensureRouteSegPackage,0,applications/product/servicedef/secas_shipment.xml,product-catalog,catalog-product-team,provisional-repository-inferred
service,createShipmentPackageContent,in-validate,createShipmentPackage,1,applications/product/servicedef/secas_shipment.xml,product-catalog,catalog-product-team,provisional-repository-inferred
service,updatePicklist,commit,createPicklistStatus,0,applications/product/servicedef/secas_shipment.xml,product-catalog,catalog-product-team,provisional-repository-inferred
service,updatePicklistItem,commit,checkPicklistBinItemStatuses,1,applications/product/servicedef/secas_shipment.xml,product-catalog,catalog-product-team,provisional-repository-inferred
service,packBulkItems,commit,setNextPackageSeq,1,applications/product/servicedef/secas_shipment.xml,product-catalog,catalog-product-team,provisional-repository-inferred
entity,WorkEffort,return,indexWorkEffortKeywords,0,applications/workeffort/entitydef/eecas.xml,work-management,work-product-team,provisional-repository-inferred
entity,WorkEffortAttribute,return,indexWorkEffortKeywords,0,applications/workeffort/entitydef/eecas.xml,work-management,work-product-team,provisional-repository-inferred
entity,WorkEffortContent,return,indexWorkEffortKeywords,0,applications/workeffort/entitydef/eecas.xml,work-management,work-product-team,provisional-repository-inferred
entity,WorkEffortNote,return,indexWorkEffortKeywords,0,applications/workeffort/entitydef/eecas.xml,work-management,work-product-team,provisional-repository-inferred
service,createWorkEffort,commit,quickAssignPartyToWorkEffort,1,applications/workeffort/servicedef/secas.xml,work-management,work-product-team,provisional-repository-inferred
service,createWorkEffort,commit,makeCommunicationEventWorkEffort,2,applications/workeffort/servicedef/secas.xml,work-management,work-product-team,provisional-repository-inferred
service,createWorkEffort,commit,assocAcceptedCustRequestToWorkEffort,1,applications/workeffort/servicedef/secas.xml,work-management,work-product-team,provisional-repository-inferred
service,createWorkEffort,commit,createWorkRequirementFulfillment,1,applications/workeffort/servicedef/secas.xml,work-management,work-product-team,provisional-repository-inferred
service,updateWorkEffort,commit,makeCommunicationEventWorkEffort,1,applications/workeffort/servicedef/secas.xml,work-management,work-product-team,provisional-repository-inferred
service,createCommunicationEventWorkEff,invoke,createCommunicationEvent,1,applications/workeffort/servicedef/secas.xml,work-management,work-product-team,provisional-repository-inferred
service,createWorkEffortRequest,invoke,createCustRequest,1,applications/workeffort/servicedef/secas.xml,work-management,work-product-team,provisional-repository-inferred
service,createWorkEffortRequestItem,invoke,createCustRequestItem,1,applications/workeffort/servicedef/secas.xml,work-management,work-product-team,provisional-repository-inferred
service,createWorkEffortQuote,invoke,createQuote,1,applications/workeffort/servicedef/secas.xml,work-management,work-product-team,provisional-repository-inferred
service,createWorkRequirementFulfillment,invoke,createRequirement,1,applications/workeffort/servicedef/secas.xml,work-management,work-product-team,provisional-repository-inferred
service,createShoppingListWorkEffort,invoke,createShoppingList,1,applications/workeffort/servicedef/secas.xml,work-management,work-product-team,provisional-repository-inferred
service,createOrderHeaderWorkEffort,invoke,createOrderHeader,1,applications/workeffort/servicedef/secas.xml,work-management,work-product-team,provisional-repository-inferred
service,createTimeEntry,invoke,checkTimesheetStatus,0,applications/workeffort/servicedef/secas.xml,work-management,work-product-team,provisional-repository-inferred
service,updateTimesheet,invoke,checkTimesheetStatus,0,applications/workeffort/servicedef/secas.xml,work-management,work-product-team,provisional-repository-inferred
service,deleteTimesheet,invoke,checkTimesheetStatus,0,applications/workeffort/servicedef/secas.xml,work-management,work-product-team,provisional-repository-inferred
service,createTimesheetRole,invoke,ensurePartyRole,0,applications/workeffort/servicedef/secas.xml,work-management,work-product-team,provisional-repository-inferred
service,testScv,invoke,,1,framework/common/servicedef/secas_test.xml,legacy-platform,legacy-platform-team,provisional-repository-inferred
service,ping,invoke,,1,framework/common/servicedef/secas_test.xml,legacy-platform,legacy-platform-team,provisional-repository-inferred
service,testCommit,global-commit,testScv,0,framework/common/servicedef/secas_test.xml,legacy-platform,legacy-platform-team,provisional-repository-inferred
service,testRollback,global-rollback,testScv,0,framework/common/servicedef/secas_test.xml,legacy-platform,legacy-platform-team,provisional-repository-inferred
service,runEntitySync,return,cleanSyncRemoveInfo,0,framework/entityext/servicedef/secas.xml,legacy-platform,legacy-platform-team,provisional-repository-inferred
service,testServiceEcaGlobalEventExec,global-commit,testServiceEcaGlobalEventExecOnCommit,0,framework/service/servicedef/secas_test_se.xml,legacy-platform,legacy-platform-team,provisional-repository-inferred
service,testServiceEcaGlobalEventExecToRollback,global-rollback,testServiceEcaGlobalEventExecOnRollback,0,framework/service/servicedef/secas_test_se.xml,legacy-platform,legacy-platform-team,provisional-repository-inferred
service,testServiceEcaGlobalEventExec,return,blockingTestScv,0,framework/service/servicedef/secas_test_se.xml,legacy-platform,legacy-platform-team,provisional-repository-inferred
