integration,direction,mechanism,evidence,source_file,target_context,owner_role,owner_status
accounting,inbound-web,servlet-webapp,/accounting,applications/accounting/ofbiz-component.xml,accounting,finance-product-team,provisional-repository-inferred
ar,inbound-web,servlet-webapp,/ar,applications/accounting/ofbiz-component.xml,accounting,finance-product-team,provisional-repository-inferred
ap,inbound-web,servlet-webapp,/ap,applications/accounting/ofbiz-component.xml,accounting,finance-product-team,provisional-repository-inferred
ofbizsetup,inbound-web,servlet-webapp,/ofbizsetup,applications/commonext/ofbiz-component.xml,experience-platform,experience-platform-team,provisional-repository-inferred
common-js,inbound-web,servlet-webapp,/common-js,applications/commonext/ofbiz-component.xml,experience-platform,experience-platform-team,provisional-repository-inferred
ordermgr-js,inbound-web,servlet-webapp,/ordermgr-js,applications/commonext/ofbiz-component.xml,experience-platform,experience-platform-team,provisional-repository-inferred
content,inbound-web,servlet-webapp,/content,applications/content/ofbiz-component.xml,content-media,content-product-team,provisional-repository-inferred
contentimages,inbound-web,servlet-webapp,/contentimages/,applications/content/ofbiz-component.xml,content-media,content-product-team,provisional-repository-inferred
humanres,inbound-web,servlet-webapp,/humanres,applications/humanres/ofbiz-component.xml,workforce,workforce-product-team,provisional-repository-inferred
manufacturing,inbound-web,servlet-webapp,/manufacturing,applications/manufacturing/ofbiz-component.xml,manufacturing,manufacturing-product-team,provisional-repository-inferred
marketing,inbound-web,servlet-webapp,/marketing,applications/marketing/ofbiz-component.xml,marketing-sales,marketing-product-team,provisional-repository-inferred
SalesForceAutomation,inbound-web,servlet-webapp,/sfa,applications/marketing/ofbiz-component.xml,marketing-sales,marketing-product-team,provisional-repository-inferred
order,inbound-web,servlet-webapp,/ordermgr,applications/order/ofbiz-component.xml,order-management,order-product-team,provisional-repository-inferred
party,inbound-web,servlet-webapp,/partymgr,applications/party/ofbiz-component.xml,party-customer,customer-product-team,provisional-repository-inferred
catalog,inbound-web,servlet-webapp,/catalog,applications/product/ofbiz-component.xml,product-catalog,catalog-product-team,provisional-repository-inferred
facility,inbound-web,servlet-webapp,/facility,applications/product/ofbiz-component.xml,product-catalog,catalog-product-team,provisional-repository-inferred
workeffort,inbound-web,servlet-webapp,/workeffort,applications/workeffort/ofbiz-component.xml,work-management,work-product-team,provisional-repository-inferred
ical,inbound-web,servlet-webapp,/iCalendar,applications/workeffort/ofbiz-component.xml,work-management,work-product-team,provisional-repository-inferred
@webapp-name@,inbound-web,servlet-webapp,/@webapp-name@,framework/resources/templates/ofbiz-component.xml,legacy-platform,legacy-platform-team,provisional-repository-inferred
rest-api,inbound-web,servlet-webapp,/rest,framework/rest-api/ofbiz-component.xml,api-edge,platform-team,provisional-repository-inferred
api-docs,inbound-web,servlet-webapp,/docs,framework/rest-api/ofbiz-component.xml,api-edge,platform-team,provisional-repository-inferred
webtools,inbound-web,servlet-webapp,/webtools,framework/webtools/ofbiz-component.xml,legacy-platform,legacy-platform-team,provisional-repository-inferred
bluelight,inbound-web,servlet-webapp,/bluelight,themes/bluelight/ofbiz-component.xml,experience-platform,experience-platform-team,provisional-repository-inferred
common-theme,inbound-web,servlet-webapp,/common,themes/common-theme/ofbiz-component.xml,experience-platform,experience-platform-team,provisional-repository-inferred
images,inbound-web,servlet-webapp,/images,themes/common-theme/ofbiz-component.xml,experience-platform,experience-platform-team,provisional-repository-inferred
flatgrey,inbound-web,servlet-webapp,/flatgrey,themes/flatgrey/ofbiz-component.xml,experience-platform,experience-platform-team,provisional-repository-inferred
helveticus,inbound-web,servlet-webapp,/helveticus,themes/helveticus/ofbiz-component.xml,experience-platform,experience-platform-team,provisional-repository-inferred
rainbowstone,inbound-web,servlet-webapp,/rainbowstone,themes/rainbowstone/ofbiz-component.xml,experience-platform,experience-platform-team,provisional-repository-inferred
tomahawk,inbound-web,servlet-webapp,/tomahawk,themes/tomahawk/ofbiz-component.xml,experience-platform,experience-platform-team,provisional-repository-inferred
ofbFaAuthorize,outbound-or-adapter-review-required,authorize,java:org.apache.ofbiz.accounting.finaccount.FinAccountPaymentServices:finAccountPreAuth,applications/accounting/servicedef/services_finaccount.xml,accounting,finance-product-team,provisional-repository-inferred
ofbGcAuthorize,outbound-or-adapter-review-required,authorize,java:org.apache.ofbiz.accounting.payment.GiftCertificateServices:giftCertificateAuthorize,applications/accounting/servicedef/services_finaccount.xml,accounting,finance-product-team,provisional-repository-inferred
sendInvoicePerEmail,outbound-or-adapter-review-required,email;mail,groovy:component://accounting/src/main/groovy/org/apache/ofbiz/accounting/invoice/InvoiceServicesScript.groovy:sendInvoicePerEmail,applications/accounting/servicedef/services_invoice.xml,accounting,finance-product-team,provisional-repository-inferred
createPayPalPaymentMethod,outbound-or-adapter-review-required,paypal,simple:component://accounting/minilang/payment/PaymentMethodServices.xml:createPayPalPaymentMethod,applications/accounting/servicedef/services_paymentmethod.xml,accounting,finance-product-team,provisional-repository-inferred
updatePayPalPaymentMethod,outbound-or-adapter-review-required,paypal,entity-auto:update,applications/accounting/servicedef/services_paymentmethod.xml,accounting,finance-product-team,provisional-repository-inferred
eftProcessInterface,outbound-or-adapter-review-required,ftp,interface,applications/accounting/servicedef/services_paymentmethod.xml,accounting,finance-product-team,provisional-repository-inferred
payPalProcessInterface,outbound-or-adapter-review-required,paypal,interface,applications/accounting/servicedef/services_paymentmethod.xml,accounting,finance-product-team,provisional-repository-inferred
payPalCaptureInterface,outbound-or-adapter-review-required,paypal,interface,applications/accounting/servicedef/services_paymentmethod.xml,accounting,finance-product-team,provisional-repository-inferred
payPalSetExpressCheckoutInterface,outbound-or-adapter-review-required,paypal,interface,applications/accounting/servicedef/services_paymentmethod.xml,accounting,finance-product-team,provisional-repository-inferred
payPalGetExpressCheckoutInterface,outbound-or-adapter-review-required,paypal,interface,applications/accounting/servicedef/services_paymentmethod.xml,accounting,finance-product-team,provisional-repository-inferred
payPalDoExpressCheckoutInterface,outbound-or-adapter-review-required,paypal,interface,applications/accounting/servicedef/services_paymentmethod.xml,accounting,finance-product-team,provisional-repository-inferred
testRandomAuthorize,outbound-or-adapter-review-required,authorize,java:org.apache.ofbiz.accounting.payment.PaymentGatewayServices:testRandomAuthorize,applications/accounting/servicedef/services_paymentmethod.xml,accounting,finance-product-team,provisional-repository-inferred
testEFTProcessor,outbound-or-adapter-review-required,ftp,java:org.apache.ofbiz.accounting.payment.PaymentGatewayServices:testProcessor,applications/accounting/servicedef/services_paymentmethod.xml,accounting,finance-product-team,provisional-repository-inferred
alwaysApproveEFTProcessor,outbound-or-adapter-review-required,ftp,java:org.apache.ofbiz.accounting.payment.PaymentGatewayServices:alwaysApproveProcessor,applications/accounting/servicedef/services_paymentmethod.xml,accounting,finance-product-team,provisional-repository-inferred
alwaysDeclineEFTProcessor,outbound-or-adapter-review-required,ftp,java:org.apache.ofbiz.accounting.payment.PaymentGatewayServices:alwaysDeclineProcessor,applications/accounting/servicedef/services_paymentmethod.xml,accounting,finance-product-team,provisional-repository-inferred
acctgAgreementPermissionCheck,outbound-or-adapter-review-required,rmi,simple:component://accounting/minilang/permissions/PermissionServices.xml:acctgAgreementPermissionCheck,applications/accounting/servicedef/services_perm.xml,accounting,finance-product-team,provisional-repository-inferred
acctgBasePermissionCheck,outbound-or-adapter-review-required,rmi,simple:component://accounting/minilang/permissions/PermissionServices.xml:basePermissionCheck,applications/accounting/servicedef/services_perm.xml,accounting,finance-product-team,provisional-repository-inferred
acctgBillingAcctCheck,outbound-or-adapter-review-required,rmi,simple:component://accounting/minilang/permissions/PermissionServices.xml:acctgBillingAcctCheck,applications/accounting/servicedef/services_perm.xml,accounting,finance-product-team,provisional-repository-inferred
acctgCommissionPermissionCheck,outbound-or-adapter-review-required,rmi,simple:component://accounting/minilang/permissions/PermissionServices.xml:commissionPermissionCheck,applications/accounting/servicedef/services_perm.xml,accounting,finance-product-team,provisional-repository-inferred
acctgCostPermissionCheck,outbound-or-adapter-review-required,rmi,simple:component://accounting/minilang/permissions/PermissionServices.xml:acctgCostPermissionCheck,applications/accounting/servicedef/services_perm.xml,accounting,finance-product-team,provisional-repository-inferred
acctgFinAcctPermissionCheck,outbound-or-adapter-review-required,rmi,simple:component://accounting/minilang/permissions/PermissionServices.xml:acctgFinAcctPermissionCheck,applications/accounting/servicedef/services_perm.xml,accounting,finance-product-team,provisional-repository-inferred
acctgFxPermissionCheck,outbound-or-adapter-review-required,rmi,simple:component://accounting/minilang/permissions/PermissionServices.xml:acctgFxPermissionCheck,applications/accounting/servicedef/services_perm.xml,accounting,finance-product-team,provisional-repository-inferred
acctgInvoicePermissionCheck,outbound-or-adapter-review-required,rmi,simple:component://accounting/minilang/permissions/PermissionServices.xml:acctgInvoicePermissionCheck,applications/accounting/servicedef/services_perm.xml,accounting,finance-product-team,provisional-repository-inferred
acctgPrefPermissionCheck,outbound-or-adapter-review-required,rmi,simple:component://accounting/minilang/permissions/PermissionServices.xml:preferencePermissionCheck,applications/accounting/servicedef/services_perm.xml,accounting,finance-product-team,provisional-repository-inferred
acctgTransactionPermissionCheck,outbound-or-adapter-review-required,rmi,simple:component://accounting/minilang/permissions/PermissionServices.xml:acctgTransactionPermissionCheck,applications/accounting/servicedef/services_perm.xml,accounting,finance-product-team,provisional-repository-inferred
basicGeneralLedgerPermissionCheck,outbound-or-adapter-review-required,rmi,simple:component://accounting/minilang/permissions/PermissionServices.xml:basePermissionCheck,applications/accounting/servicedef/services_perm.xml,accounting,finance-product-team,provisional-repository-inferred
fixedAssetPermissionCheck,outbound-or-adapter-review-required,rmi,simple:component://accounting/minilang/permissions/PermissionServices.xml:basePermissionCheck,applications/accounting/servicedef/services_perm.xml,accounting,finance-product-team,provisional-repository-inferred
acctgPaymentPermissionCheck,outbound-or-adapter-review-required,rmi,simple:component://accounting/minilang/permissions/PermissionServices.xml:acctgPaymentPermissionCheck,applications/accounting/servicedef/services_perm.xml,accounting,finance-product-team,provisional-repository-inferred
createEmailContent,outbound-or-adapter-review-required,email;mail,groovy:component://content/src/main/groovy/org/apache/ofbiz/content/content/ContentServicesScript.groovy:createEmailContent,applications/content/servicedef/services.xml,content-media,content-product-team,provisional-repository-inferred
updateEmailContent,outbound-or-adapter-review-required,email;mail,groovy:component://content/src/main/groovy/org/apache/ofbiz/content/content/ContentServicesScript.groovy:updateEmailContent,applications/content/servicedef/services.xml,content-media,content-product-team,provisional-repository-inferred
contentManagerRolePermission,outbound-or-adapter-review-required,rmi,groovy:component://content/src/main/groovy/org/apache/ofbiz/content/permission/ContentPermissionServices.groovy:contentManagerRolePermission,applications/content/servicedef/services.xml,content-media,content-product-team,provisional-repository-inferred
contentManagerPermission,outbound-or-adapter-review-required,rmi,groovy:component://content/src/main/groovy/org/apache/ofbiz/content/permission/ContentPermissionServices.groovy:contentManagerPermission,applications/content/servicedef/services.xml,content-media,content-product-team,provisional-repository-inferred
genericContentPermission,outbound-or-adapter-review-required,rmi,groovy:component://content/src/main/groovy/org/apache/ofbiz/content/permission/ContentPermissionServices.groovy:genericContentPermission,applications/content/servicedef/services.xml,content-media,content-product-team,provisional-repository-inferred
checkOwnership,outbound-or-adapter-review-required,rmi,groovy:component://content/src/main/groovy/org/apache/ofbiz/content/permission/ContentPermissionServices.groovy:checkOwnership,applications/content/servicedef/services.xml,content-media,content-product-team,provisional-repository-inferred
genericDataResourcePermission,outbound-or-adapter-review-required,rmi,simple:component://content/minilang/permission/DataResourcePermissionServices.xml:genericDataResourcePermission,applications/content/servicedef/services.xml,content-media,content-product-team,provisional-repository-inferred
checkContentPermission,outbound-or-adapter-review-required,rmi,java:org.apache.ofbiz.content.content.ContentPermissionServices:checkContentPermission,applications/content/servicedef/services_content.xml,content-media,content-product-team,provisional-repository-inferred
checkAssocPermission,outbound-or-adapter-review-required,rmi,java:org.apache.ofbiz.content.content.ContentPermissionServices:checkAssocPermission,applications/content/servicedef/services_content.xml,content-media,content-product-team,provisional-repository-inferred
sendContentToFtp,outbound-or-adapter-review-required,ftp,java:org.apache.ofbiz.content.ftp.FtpServices:sendContentToFtp,applications/content/servicedef/services_ftp.xml,content-media,content-product-team,provisional-repository-inferred
createTerminationReason,outbound-or-adapter-review-required,rmi,entity-auto:create,applications/humanres/servicedef/services.xml,workforce,workforce-product-team,provisional-repository-inferred
updateTerminationReason,outbound-or-adapter-review-required,rmi,entity-auto:update,applications/humanres/servicedef/services.xml,workforce,workforce-product-team,provisional-repository-inferred
deleteTerminationReason,outbound-or-adapter-review-required,rmi,entity-auto:delete,applications/humanres/servicedef/services.xml,workforce,workforce-product-team,provisional-repository-inferred
humanResManagerPermission,outbound-or-adapter-review-required,rmi,simple:component://humanres/minilang/permission/HumanResPermissionServices.xml:humanResManagerPermission,applications/humanres/servicedef/services.xml,workforce,workforce-product-team,provisional-repository-inferred
createTerminationType,outbound-or-adapter-review-required,rmi,entity-auto:create,applications/humanres/servicedef/services.xml,workforce,workforce-product-team,provisional-repository-inferred
updateTerminationType,outbound-or-adapter-review-required,rmi,entity-auto:update,applications/humanres/servicedef/services.xml,workforce,workforce-product-team,provisional-repository-inferred
deleteTerminationType,outbound-or-adapter-review-required,rmi,entity-auto:delete,applications/humanres/servicedef/services.xml,workforce,workforce-product-team,provisional-repository-inferred
findProductLookupOptions,outbound-or-adapter-review-required,ups,groovy:component://manufacturing/src/main/groovy/org/apache/ofbiz/manufacturing/api/ManufacturingLookupServices.groovy:findProductLookupOptions,applications/manufacturing/servicedef/services_bom.xml,manufacturing,manufacturing-product-team,provisional-repository-inferred
findWarehouses,outbound-or-adapter-review-required,ups,groovy:component://manufacturing/src/main/groovy/org/apache/ofbiz/manufacturing/api/ManufacturingLookupServices.groovy:findWarehouses,applications/manufacturing/servicedef/services_bom.xml,manufacturing,manufacturing-product-team,provisional-repository-inferred
manufacturingPermissionService,outbound-or-adapter-review-required,rmi,groovy:component://common/src/main/groovy/org/apache/ofbiz/common/permission/CommonPermissionServices.groovy:genericBasePermissionCheck,applications/manufacturing/servicedef/services_calendar.xml,manufacturing,manufacturing-product-team,provisional-repository-inferred
findCostComponentOptions,outbound-or-adapter-review-required,ups,groovy:component://manufacturing/src/main/groovy/org/apache/ofbiz/manufacturing/api/ManufacturingLookupServices.groovy:findCostComponentOptions,applications/manufacturing/servicedef/services_lookup.xml,manufacturing,manufacturing-product-team,provisional-repository-inferred
findManufacturingFacilities,outbound-or-adapter-review-required,ups,groovy:component://manufacturing/src/main/groovy/org/apache/ofbiz/manufacturing/api/ManufacturingLookupServices.groovy:findManufacturingFacilities,applications/manufacturing/servicedef/services_lookup.xml,manufacturing,manufacturing-product-team,provisional-repository-inferred
findManufacturingPlants,outbound-or-adapter-review-required,ups,groovy:component://manufacturing/src/main/groovy/org/apache/ofbiz/manufacturing/api/ManufacturingLookupServices.groovy:findManufacturingPlants,applications/manufacturing/servicedef/services_lookup.xml,manufacturing,manufacturing-product-team,provisional-repository-inferred
findFixedAssets,outbound-or-adapter-review-required,ups,groovy:component://manufacturing/src/main/groovy/org/apache/ofbiz/manufacturing/api/ManufacturingLookupServices.groovy:findFixedAssets,applications/manufacturing/servicedef/services_lookup.xml,manufacturing,manufacturing-product-team,provisional-repository-inferred
searchProducts,outbound-or-adapter-review-required,ups,groovy:component://manufacturing/src/main/groovy/org/apache/ofbiz/manufacturing/api/ManufacturingLookupServices.groovy:searchProducts,applications/manufacturing/servicedef/services_lookup.xml,manufacturing,manufacturing-product-team,provisional-repository-inferred
searchParties,outbound-or-adapter-review-required,ups,groovy:component://manufacturing/src/main/groovy/org/apache/ofbiz/manufacturing/api/ManufacturingLookupServices.groovy:searchParties,applications/manufacturing/servicedef/services_lookup.xml,manufacturing,manufacturing-product-team,provisional-repository-inferred
findPlanningFacilities,outbound-or-adapter-review-required,ups,groovy:component://manufacturing/src/main/groovy/org/apache/ofbiz/manufacturing/api/ManufacturingLookupServices.groovy:findManufacturingFacilities,applications/manufacturing/servicedef/services_mrp.xml,manufacturing,manufacturing-product-team,provisional-repository-inferred
updatePartyEmailContactListParty,outbound-or-adapter-review-required,email;mail,simple:component://marketing/minilang/marketing/contact/ContactListServices.xml:updatePartyEmailContactListParty,applications/marketing/servicedef/services.xml,marketing-sales,marketing-product-team,provisional-repository-inferred
sendContactListPartyVerifyEmail,outbound-or-adapter-review-required,email;mail,simple:component://marketing/minilang/marketing/contact/ContactListServices.xml:sendContactListPartyVerifyEmail,applications/marketing/servicedef/services.xml,marketing-sales,marketing-product-team,provisional-repository-inferred
sendContactListPartySubscribeEmail,outbound-or-adapter-review-required,email;mail,simple:component://marketing/minilang/marketing/contact/ContactListServices.xml:sendContactListPartySubscribeEmail,applications/marketing/servicedef/services.xml,marketing-sales,marketing-product-team,provisional-repository-inferred
sendContactListPartyUnSubscribeVerifyEmail,outbound-or-adapter-review-required,email;mail,simple:component://marketing/minilang/marketing/contact/ContactListServices.xml:sendContactListPartyUnSubscribeVerifyEmail,applications/marketing/servicedef/services.xml,marketing-sales,marketing-product-team,provisional-repository-inferred
sendContactListPartyUnSubscribeEmail,outbound-or-adapter-review-required,email;mail,simple:component://marketing/minilang/marketing/contact/ContactListServices.xml:sendContactListPartyUnSubscribeEmail,applications/marketing/servicedef/services.xml,marketing-sales,marketing-product-team,provisional-repository-inferred
marketingPermissionService,outbound-or-adapter-review-required,rmi,simple:component://common/minilang/permission/CommonPermissionServices.xml:genericBasePermissionCheck,applications/marketing/servicedef/services.xml,marketing-sales,marketing-product-team,provisional-repository-inferred
sendPOEmail,outbound-or-adapter-review-required,email;mail,java:org.apache.ofbiz.order.order.OrderServices:sendPOEmail,applications/order/servicedef/services.xml,order-management,order-product-team,provisional-repository-inferred
orderAdjustmentPermissionCheck,outbound-or-adapter-review-required,rmi,simple:component://order/minilang/order/OrderSimpleMethods.xml:orderAdjustmentPermissionCheck,applications/order/servicedef/services.xml,order-management,order-product-team,provisional-repository-inferred
checkSupplierRelatedOrderPermission,outbound-or-adapter-review-required,rmi,groovy:component://order/src/main/groovy/org/apache/ofbiz/order/order/OrderDeliveryServices.groovy:checkSupplierRelatedOrderPermissionService,applications/order/servicedef/services.xml,order-management,order-product-team,provisional-repository-inferred
findOrders,outbound-or-adapter-review-required,ups,java:org.apache.ofbiz.order.order.OrderLookupServices:findOrders,applications/order/servicedef/services.xml,order-management,order-product-team,provisional-repository-inferred
moveItemBetweenShipGroups,outbound-or-adapter-review-required,ups,groovy:component://order/src/main/groovy/org/apache/ofbiz/order/order/OrderServicesScript.groovy:moveItemBetweenShipGroups,applications/order/servicedef/services.xml,order-management,order-product-team,provisional-repository-inferred
updateShipGroupShipInfo,outbound-or-adapter-review-required,ups,java:org.apache.ofbiz.order.order.OrderServices:updateShipGroupShipInfo,applications/order/servicedef/services.xml,order-management,order-product-team,provisional-repository-inferred
prepareVendorShipGroups,outbound-or-adapter-review-required,ups,java:org.apache.ofbiz.order.shoppingcart.ShoppingCartServices:prepareVendorShipGroups,applications/order/servicedef/services_cart.xml,order-management,order-product-team,provisional-repository-inferred
returnPermissionCheck,outbound-or-adapter-review-required,rmi,simple:component://order/minilang/permission/PermissionServices.xml:returnPermissionCheck,applications/order/servicedef/services_perm.xml,order-management,order-product-team,provisional-repository-inferred
sendQuoteReportMail,outbound-or-adapter-review-required,mail,java:org.apache.ofbiz.order.quote.QuoteServices:sendQuoteReportMail,applications/order/servicedef/services_quote.xml,order-management,order-product-team,provisional-repository-inferred
custRequestPermissionCheck,outbound-or-adapter-review-required,rmi,simple:component://order/minilang/request/CustRequestServices.xml:custRequestPermissionCheck,applications/order/servicedef/services_request.xml,order-management,order-product-team,provisional-repository-inferred
lookupParty,outbound-or-adapter-review-required,ups,groovy:component://party/src/main/groovy/org/apache/ofbiz/party/party/LookupServices.groovy:lookupParty,applications/party/servicedef/services.xml,party-customer,customer-product-team,provisional-repository-inferred
findPartyFromEmailAddress,outbound-or-adapter-review-required,email;mail,simple:component://party/minilang/contact/PartyContactMechServices.xml:findPartyFromEmailAddress,applications/party/servicedef/services.xml,party-customer,customer-product-team,provisional-repository-inferred
createPartyEmailAddress,outbound-or-adapter-review-required,email;mail,simple:component://party/minilang/contact/PartyContactMechServices.xml:createPartyEmailAddress,applications/party/servicedef/services.xml,party-customer,customer-product-team,provisional-repository-inferred
updatePartyEmailAddress,outbound-or-adapter-review-required,email;mail,simple:component://party/minilang/contact/PartyContactMechServices.xml:updatePartyEmailAddress,applications/party/servicedef/services.xml,party-customer,customer-product-team,provisional-repository-inferred
createPartyFtpAddress,outbound-or-adapter-review-required,ftp,groovy:component://party/src/main/groovy/org/apache/ofbiz/party/contact/ContactMechServicesScript.groovy:createPartyFtpAddress,applications/party/servicedef/services.xml,party-customer,customer-product-team,provisional-repository-inferred
updatePartyFtpAddress,outbound-or-adapter-review-required,ftp,groovy:component://party/src/main/groovy/org/apache/ofbiz/party/contact/ContactMechServicesScript.groovy:updatePartyFtpAddress,applications/party/servicedef/services.xml,party-customer,customer-product-team,provisional-repository-inferred
createCommunicationEventWithoutPermission,outbound-or-adapter-review-required,rmi,groovy:component://party/src/main/groovy/org/apache/ofbiz/party/communication/CommunicationEventServicesScript.groovy:createCommunicationEventWithoutPermission,applications/party/servicedef/services.xml,party-customer,customer-product-team,provisional-repository-inferred
createCommunicationEventRoleWithoutPermission,outbound-or-adapter-review-required,rmi,groovy:component://party/src/main/groovy/org/apache/ofbiz/party/communication/CommunicationEventServicesScript.groovy:createCommunicationEventRole,applications/party/servicedef/services.xml,party-customer,customer-product-team,provisional-repository-inferred
sendCommEventAsEmail,outbound-or-adapter-review-required,email;mail,java:org.apache.ofbiz.party.communication.CommunicationEventServices:sendCommEventAsEmail,applications/party/servicedef/services.xml,party-customer,customer-product-team,provisional-repository-inferred
sendCommEventAsFtp,outbound-or-adapter-review-required,ftp,java:org.apache.ofbiz.party.communication.CommunicationEventServices:sendCommEventAsFtp,applications/party/servicedef/services.xml,party-customer,customer-product-team,provisional-repository-inferred
createCommEventFromFtpTransfer,outbound-or-adapter-review-required,ftp,java:org.apache.ofbiz.party.communication.CommunicationEventServices:createCommEventFromFtpTransfer,applications/party/servicedef/services.xml,party-customer,customer-product-team,provisional-repository-inferred
createCommEventFromEmail,outbound-or-adapter-review-required,email;mail,java:org.apache.ofbiz.party.communication.CommunicationEventServices:createCommEventFromEmail,applications/party/servicedef/services.xml,party-customer,customer-product-team,provisional-repository-inferred
updateCommEventAfterEmail,outbound-or-adapter-review-required,email;mail,java:org.apache.ofbiz.party.communication.CommunicationEventServices:updateCommEventAfterEmail,applications/party/servicedef/services.xml,party-customer,customer-product-team,provisional-repository-inferred
storeIncomingEmail,outbound-or-adapter-review-required,email;mail,java:org.apache.ofbiz.party.communication.CommunicationEventServices:storeIncomingEmail,applications/party/servicedef/services.xml,party-customer,customer-product-team,provisional-repository-inferred
sendEmailToContactList,outbound-or-adapter-review-required,email;mail,java:org.apache.ofbiz.party.communication.CommunicationEventServices:sendEmailToContactList,applications/party/servicedef/services.xml,party-customer,customer-product-team,provisional-repository-inferred
sendEmailDated,outbound-or-adapter-review-required,email;mail,groovy:component://party/src/main/groovy/org/apache/ofbiz/party/communication/CommunicationEventServicesScript.groovy:sendEmailDated,applications/party/servicedef/services.xml,party-customer,customer-product-team,provisional-repository-inferred
getPartyEmail,outbound-or-adapter-review-required,email;mail,groovy:component://party/src/main/groovy/org/apache/ofbiz/party/party/PartyServicesScript.groovy:getPartyEmail,applications/party/servicedef/services.xml,party-customer,customer-product-team,provisional-repository-inferred
sendUpdatePersonalInfoEmailNotification,outbound-or-adapter-review-required,email;mail,groovy:component://party/src/main/groovy/org/apache/ofbiz/party/party/PartyServicesScript.groovy:sendUpdatePersonalInfoEmailNotification,applications/party/servicedef/services.xml,party-customer,customer-product-team,provisional-repository-inferred
sendCreatePartyEmailNotification,outbound-or-adapter-review-required,email;mail,groovy:component://party/src/main/groovy/org/apache/ofbiz/party/party/PartyServicesScript.groovy:sendCreatePartyEmailNotification,applications/party/servicedef/services.xml,party-customer,customer-product-team,provisional-repository-inferred
createEmailAddressVerification,outbound-or-adapter-review-required,email;mail,java:org.apache.ofbiz.party.contact.ContactMechServices:createEmailAddressVerification,applications/party/servicedef/services.xml,party-customer,customer-product-team,provisional-repository-inferred
sendVerifyEmailAddressNotification,outbound-or-adapter-review-required,email;mail,groovy:component://party/src/main/groovy/org/apache/ofbiz/party/contact/ContactMechServicesScript.groovy:sendVerifyEmailAddressNotification,applications/party/servicedef/services.xml,party-customer,customer-product-team,provisional-repository-inferred
verifyEmailAddress,outbound-or-adapter-review-required,email;mail,groovy:component://party/src/main/groovy/org/apache/ofbiz/party/contact/ContactMechServicesScript.groovy:verifyEmailAddress,applications/party/servicedef/services.xml,party-customer,customer-product-team,provisional-repository-inferred
partyBasePermissionCheck,outbound-or-adapter-review-required,rmi,groovy:component://party/src/main/groovy/org/apache/ofbiz/party/party/PartyPermissionServices.groovy:basePermissionCheck,applications/party/servicedef/services.xml,party-customer,customer-product-team,provisional-repository-inferred
basePermissionCheck,outbound-or-adapter-review-required,rmi,groovy:component://party/src/main/groovy/org/apache/ofbiz/party/party/PartyPermissionServices.groovy:basePermissionCheck,applications/party/servicedef/services.xml,party-customer,customer-product-team,provisional-repository-inferred
partyIdPermissionCheck,outbound-or-adapter-review-required,rmi,groovy:component://party/src/main/groovy/org/apache/ofbiz/party/party/PartyPermissionServices.groovy:basePlusPartyIdPermissionCheck,applications/party/servicedef/services.xml,party-customer,customer-product-team,provisional-repository-inferred
partyStatusPermissionCheck,outbound-or-adapter-review-required,rmi,groovy:component://party/src/main/groovy/org/apache/ofbiz/party/party/PartyPermissionServices.groovy:partyStatusPermissionCheck,applications/party/servicedef/services.xml,party-customer,customer-product-team,provisional-repository-inferred
partyGroupPermissionCheck,outbound-or-adapter-review-required,rmi,groovy:component://party/src/main/groovy/org/apache/ofbiz/party/party/PartyPermissionServices.groovy:partyGroupPermissionCheck,applications/party/servicedef/services.xml,party-customer,customer-product-team,provisional-repository-inferred
partyDatasourcePermissionCheck,outbound-or-adapter-review-required,rmi,groovy:component://party/src/main/groovy/org/apache/ofbiz/party/party/PartyPermissionServices.groovy:partyDatasourcePermissionCheck,applications/party/servicedef/services.xml,party-customer,customer-product-team,provisional-repository-inferred
partyRolePermissionCheck,outbound-or-adapter-review-required,rmi,groovy:component://party/src/main/groovy/org/apache/ofbiz/party/party/PartyPermissionServices.groovy:partyRolePermissionCheck,applications/party/servicedef/services.xml,party-customer,customer-product-team,provisional-repository-inferred
partyRelationshipPermissionCheck,outbound-or-adapter-review-required,rmi,groovy:component://party/src/main/groovy/org/apache/ofbiz/party/party/PartyPermissionServices.groovy:partyRelationshipPermissionCheck,applications/party/servicedef/services.xml,party-customer,customer-product-team,provisional-repository-inferred
partyContactMechPermissionCheck,outbound-or-adapter-review-required,rmi,groovy:component://party/src/main/groovy/org/apache/ofbiz/party/party/PartyPermissionServices.groovy:partyContactMechPermissionCheck,applications/party/servicedef/services.xml,party-customer,customer-product-team,provisional-repository-inferred
accAndDecPartyInvitationPermissionCheck,outbound-or-adapter-review-required,rmi,groovy:component://party/src/main/groovy/org/apache/ofbiz/party/party/PartyPermissionServices.groovy:accAndDecPartyInvitationPermissionCheck,applications/party/servicedef/services.xml,party-customer,customer-product-team,provisional-repository-inferred
cancelPartyInvitationPermissionCheck,outbound-or-adapter-review-required,rmi,groovy:component://party/src/main/groovy/org/apache/ofbiz/party/party/PartyPermissionServices.groovy:cancelPartyInvitationPermissionCheck,applications/party/servicedef/services.xml,party-customer,customer-product-team,provisional-repository-inferred
partyCommunicationEventPermissionCheck,outbound-or-adapter-review-required,rmi,groovy:component://party/src/main/groovy/org/apache/ofbiz/party/party/PartyPermissionServices.groovy:partyCommunicationEventPermissionCheck,applications/party/servicedef/services.xml,party-customer,customer-product-team,provisional-repository-inferred
createUpdatePartyEmailAddress,outbound-or-adapter-review-required,email;mail,simple:component://party/minilang/contact/PartyContactMechServices.xml:createUpdatePartyEmailAddress,applications/party/servicedef/services.xml,party-customer,customer-product-team,provisional-repository-inferred
sendContactUsEmailToCompany,outbound-or-adapter-review-required,email;mail,groovy:component://party/src/main/groovy/org/apache/ofbiz/party/communication/CommunicationEventServicesScript.groovy:sendContactUsEmailToCompany,applications/party/servicedef/services.xml,party-customer,customer-product-team,provisional-repository-inferred
sendAccountActivatedEmailNotification,outbound-or-adapter-review-required,email;mail,groovy:component://party/src/main/groovy/org/apache/ofbiz/party/party/PartyServicesScript.groovy:sendAccountActivatedEmailNotification,applications/party/servicedef/services.xml,party-customer,customer-product-team,provisional-repository-inferred
createEmailAddress,outbound-or-adapter-review-required,email;mail,groovy:component://party/src/main/groovy/org/apache/ofbiz/party/contact/ContactMechServicesScript.groovy:createEmailAddress,applications/party/servicedef/services_contact.xml,party-customer,customer-product-team,provisional-repository-inferred
updateEmailAddress,outbound-or-adapter-review-required,email;mail,groovy:component://party/src/main/groovy/org/apache/ofbiz/party/contact/ContactMechServicesScript.groovy:updateEmailAddress,applications/party/servicedef/services_contact.xml,party-customer,customer-product-team,provisional-repository-inferred
createFtpAddress,outbound-or-adapter-review-required,ftp,groovy:component://party/src/main/groovy/org/apache/ofbiz/party/contact/ContactMechServicesScript.groovy:createFtpAddress,applications/party/servicedef/services_contact.xml,party-customer,customer-product-team,provisional-repository-inferred
updateFtpAddressWithHistory,outbound-or-adapter-review-required,ftp,groovy:component://party/src/main/groovy/org/apache/ofbiz/party/contact/ContactMechServicesScript.groovy:updateFtpAddressWithHistory,applications/party/servicedef/services_contact.xml,party-customer,customer-product-team,provisional-repository-inferred
getPartiesFromExactEmail,outbound-or-adapter-review-required,email;mail,java:org.apache.ofbiz.party.party.PartyServices:getPartiesFromExactEmail,applications/party/servicedef/services_view.xml,party-customer,customer-product-team,provisional-repository-inferred
getPartiesFromPartOfEmail,outbound-or-adapter-review-required,email;mail,java:org.apache.ofbiz.party.party.PartyServices:getPartiesFromPartOfEmail,applications/party/servicedef/services_view.xml,party-customer,customer-product-team,provisional-repository-inferred
createEmailContentForProduct,outbound-or-adapter-review-required,email;mail,groovy:component://product/src/main/groovy/org/apache/ofbiz/product/product/product/ProductContentServicesScript.groovy:createEmailContentForProduct,applications/product/servicedef/services.xml,product-catalog,catalog-product-team,provisional-repository-inferred
updateEmailContentForProduct,outbound-or-adapter-review-required,email;mail,group,applications/product/servicedef/services.xml,product-catalog,catalog-product-team,provisional-repository-inferred
productGenericPermission,outbound-or-adapter-review-required,rmi,groovy:component://product/src/main/groovy/org/apache/ofbiz/product/product/product/ProductServicesScript.groovy:productGenericPermission,applications/product/servicedef/services.xml,product-catalog,catalog-product-team,provisional-repository-inferred
productCategoryGenericPermission,outbound-or-adapter-review-required,rmi,groovy:component://product/src/main/groovy/org/apache/ofbiz/product/product/category/CategoryServicesScript.groovy:productCategoryGenericPermission,applications/product/servicedef/services.xml,product-catalog,catalog-product-team,provisional-repository-inferred
productPriceGenericPermission,outbound-or-adapter-review-required,rmi,groovy:component://product/src/main/groovy/org/apache/ofbiz/product/product/product/ProductServicesScript.groovy:productPriceGenericPermission,applications/product/servicedef/services.xml,product-catalog,catalog-product-team,provisional-repository-inferred
checkCategoryPermissionWithViewPurchaseAllow,outbound-or-adapter-review-required,rmi,groovy:component://product/src/main/groovy/org/apache/ofbiz/product/product/category/CategoryServicesScript.groovy:checkCategoryPermissionWithViewPurchaseAllow,applications/product/servicedef/services.xml,product-catalog,catalog-product-team,provisional-repository-inferred
catalogPermissionCheck,outbound-or-adapter-review-required,rmi,groovy:component://product/src/main/groovy/org/apache/ofbiz/product/product/catalog/CatalogServices.groovy:catalogPermissionCheck,applications/product/servicedef/services.xml,product-catalog,catalog-product-team,provisional-repository-inferred
prodCatalogToPartyPermissionCheck,outbound-or-adapter-review-required,rmi,groovy:component://product/src/main/groovy/org/apache/ofbiz/product/product/catalog/CatalogServices.groovy:prodCatalogToPartyPermissionCheck,applications/product/servicedef/services.xml,product-catalog,catalog-product-team,provisional-repository-inferred
checkProductRelatedPermission,outbound-or-adapter-review-required,rmi,groovy:component://product/src/main/groovy/org/apache/ofbiz/product/product/product/ProductServicesScript.groovy:checkProductRelatedPermissionService,applications/product/servicedef/services.xml,product-catalog,catalog-product-team,provisional-repository-inferred
facilityGenericPermission,outbound-or-adapter-review-required,rmi,groovy:component://product/src/main/groovy/org/apache/ofbiz/product/product/inventory/InventoryServicesScript.groovy:facilityGenericPermission,applications/product/servicedef/services_facility.xml,inventory-facility,inventory-product-team,provisional-repository-inferred
checkProductFacilityRelatedPermission,outbound-or-adapter-review-required,rmi,groovy:component://product/src/main/groovy/org/apache/ofbiz/product/product/inventory/InventoryServicesScript.groovy:checkProductFacilityRelatedPermission,applications/product/servicedef/services_facility.xml,inventory-facility,inventory-product-team,provisional-repository-inferred
createFacilityEmailAddress,outbound-or-adapter-review-required,email;mail,simple:component://product/minilang/product/storage/FacilityContactMechServices.xml:createFacilityEmailAddress,applications/product/servicedef/services_facility.xml,inventory-facility,inventory-product-team,provisional-repository-inferred
updateFacilityEmailAddress,outbound-or-adapter-review-required,email;mail,simple:component://product/minilang/product/storage/FacilityContactMechServices.xml:updateFacilityEmailAddress,applications/product/servicedef/services_facility.xml,inventory-facility,inventory-product-team,provisional-repository-inferred
migrateProductPromoCodeEmail,outbound-or-adapter-review-required,email;mail,java:org.apache.ofbiz.product.migrate.MigrationServices:migrateProductPromoCodeEmail,applications/product/servicedef/services_migration.xml,product-catalog,catalog-product-team,provisional-repository-inferred
facilityPermissionCheck,outbound-or-adapter-review-required,rmi,simple:component://product/minilang/permission/PermissionServices.xml:facilityPermissionCheck,applications/product/servicedef/services_perm.xml,product-catalog,catalog-product-team,provisional-repository-inferred
createBulkProductPromoCodeEmail,outbound-or-adapter-review-required,email;mail,java:org.apache.ofbiz.product.promo.PromoServices:importPromoCodeEmailsFromFile,applications/product/servicedef/services_pricepromo.xml,pricing-promotions,pricing-product-team,provisional-repository-inferred
createProductStoreEmailSetting,outbound-or-adapter-review-required,email;mail,entity-auto:create,applications/product/servicedef/services_store.xml,product-catalog,catalog-product-team,provisional-repository-inferred
updateProductStoreEmailSetting,outbound-or-adapter-review-required,email;mail,entity-auto:update,applications/product/servicedef/services_store.xml,product-catalog,catalog-product-team,provisional-repository-inferred
removeProductStoreEmailSetting,outbound-or-adapter-review-required,email;mail,entity-auto:delete,applications/product/servicedef/services_store.xml,product-catalog,catalog-product-team,provisional-repository-inferred
productStoreGenericPermission,outbound-or-adapter-review-required,rmi,groovy:component://product/src/main/groovy/org/apache/ofbiz/product/product/store/ProductStoreServices.groovy:productStoreGenericPermission,applications/product/servicedef/services_store.xml,product-catalog,catalog-product-team,provisional-repository-inferred
subscriptionPermissionCheck,outbound-or-adapter-review-required,rmi,groovy:component://product/src/main/groovy/org/apache/ofbiz/product/product/subscription/SubscriptionServicesScript.groovy:subscriptionPermissionCheck,applications/product/servicedef/services_subscription.xml,product-catalog,catalog-product-team,provisional-repository-inferred
workEffortManagerPermission,outbound-or-adapter-review-required,rmi,simple:component://workeffort/minilang/permission/WorkEffortPermissionServices.xml:workEffortManagerPermission,applications/workeffort/servicedef/services.xml,work-management,work-product-team,provisional-repository-inferred
workEffortGenericPermission,outbound-or-adapter-review-required,rmi,simple:component://workeffort/minilang/permission/WorkEffortPermissionServices.xml:workEffortGenericPermission,applications/workeffort/servicedef/services.xml,work-management,work-product-team,provisional-repository-inferred
timesheetUpdatePermission,outbound-or-adapter-review-required,rmi,simple:component://workeffort/minilang/permission/WorkEffortPermissionServices.xml:timesheetUpdatePermission,applications/workeffort/servicedef/services.xml,work-management,work-product-team,provisional-repository-inferred
createWorkEffortEmailAddress,outbound-or-adapter-review-required,email;mail,groovy:component://workeffort/src/main/groovy/org/apache/ofbiz/workeffort/workeffort/workeffort/WorkEffortServicesScript.groovy:createWorkEffortContactMech,applications/workeffort/servicedef/services.xml,work-management,work-product-team,provisional-repository-inferred
updateWorkEffortEmailAddress,outbound-or-adapter-review-required,email;mail,groovy:component://workeffort/src/main/groovy/org/apache/ofbiz/workeffort/workeffort/workeffort/WorkEffortServicesScript.groovy:updateWorkEffortContactMech,applications/workeffort/servicedef/services.xml,work-management,work-product-team,provisional-repository-inferred
workEffortICalendarPermission,outbound-or-adapter-review-required,rmi,simple:component://workeffort/minilang/permission/WorkEffortPermissionServices.xml:workEffortICalendarPermission,applications/workeffort/servicedef/services.xml,work-management,work-product-team,provisional-repository-inferred
commonGenericPermission,outbound-or-adapter-review-required,rmi,groovy:component://common/src/main/groovy/org/apache/ofbiz/common/CommonServicesScript.groovy:commonGenericPermission,framework/common/servicedef/services.xml,legacy-platform,legacy-platform-team,provisional-repository-inferred
commonGetAllCrudPermissions,outbound-or-adapter-review-required,rmi,groovy:component://common/src/main/groovy/org/apache/ofbiz/common/permission/CommonPermissionServices.groovy:getAllCrudPermissions,framework/common/servicedef/services.xml,legacy-platform,legacy-platform-team,provisional-repository-inferred
ftpInterface,outbound-or-adapter-review-required,ftp,interface,framework/common/servicedef/services.xml,legacy-platform,legacy-platform-team,provisional-repository-inferred
ftpPutFile,outbound-or-adapter-review-required,ftp,java:org.apache.ofbiz.common.FtpServices:putFile,framework/common/servicedef/services.xml,legacy-platform,legacy-platform-team,provisional-repository-inferred
ftpGetFile,outbound-or-adapter-review-required,ftp,java:org.apache.ofbiz.common.FtpServices:getFile,framework/common/servicedef/services.xml,legacy-platform,legacy-platform-team,provisional-repository-inferred
genericBasePermissionCheck,outbound-or-adapter-review-required,rmi,groovy:component://common/src/main/groovy/org/apache/ofbiz/common/permission/CommonPermissionServices.groovy:genericBasePermissionCheck,framework/common/servicedef/services.xml,legacy-platform,legacy-platform-team,provisional-repository-inferred
preferenceGetSetPermission,outbound-or-adapter-review-required,rmi,java:org.apache.ofbiz.common.preferences.PreferenceWorker:checkPermission,framework/common/servicedef/services.xml,legacy-platform,legacy-platform-team,provisional-repository-inferred
preferenceCopyPermission,outbound-or-adapter-review-required,rmi,java:org.apache.ofbiz.common.preferences.PreferenceWorker:checkCopyPermission,framework/common/servicedef/services.xml,legacy-platform,legacy-platform-team,provisional-repository-inferred
visualThemePermissionCheck,outbound-or-adapter-review-required,rmi,groovy:component://common/src/main/groovy/org/apache/ofbiz/common/permission/CommonPermissionServices.groovy:visualThemePermissionCheck,framework/common/servicedef/services.xml,legacy-platform,legacy-platform-team,provisional-repository-inferred
tempExprPermissionCheck,outbound-or-adapter-review-required,rmi,simple:component://common/minilang/permission/CommonPermissionServices.xml:genericBasePermissionCheck,framework/common/servicedef/services.xml,legacy-platform,legacy-platform-team,provisional-repository-inferred
sendMailInterface,outbound-or-adapter-review-required,mail,interface,framework/common/servicedef/services_email.xml,legacy-platform,legacy-platform-team,provisional-repository-inferred
sendMailOnePartInterface,outbound-or-adapter-review-required,mail,interface,framework/common/servicedef/services_email.xml,legacy-platform,legacy-platform-team,provisional-repository-inferred
sendMailMultiPartInterface,outbound-or-adapter-review-required,mail,interface,framework/common/servicedef/services_email.xml,legacy-platform,legacy-platform-team,provisional-repository-inferred
sendMail,outbound-or-adapter-review-required,email;mail,java:org.apache.ofbiz.common.email.EmailServices:sendMail,framework/common/servicedef/services_email.xml,legacy-platform,legacy-platform-team,provisional-repository-inferred
sendMailHiddenInLog,outbound-or-adapter-review-required,email;mail,java:org.apache.ofbiz.common.email.EmailServices:sendMail,framework/common/servicedef/services_email.xml,legacy-platform,legacy-platform-team,provisional-repository-inferred
sendMailMultiPart,outbound-or-adapter-review-required,email;mail,java:org.apache.ofbiz.common.email.EmailServices:sendMail,framework/common/servicedef/services_email.xml,legacy-platform,legacy-platform-team,provisional-repository-inferred
sendMailMultiPartHiddenInLog,outbound-or-adapter-review-required,email;mail,java:org.apache.ofbiz.common.email.EmailServices:sendMail,framework/common/servicedef/services_email.xml,legacy-platform,legacy-platform-team,provisional-repository-inferred
sendMailFromUrl,outbound-or-adapter-review-required,email;mail,java:org.apache.ofbiz.common.email.EmailServices:sendMailFromUrl,framework/common/servicedef/services_email.xml,legacy-platform,legacy-platform-team,provisional-repository-inferred
sendMailFromScreenInterface,outbound-or-adapter-review-required,mail,interface,framework/common/servicedef/services_email.xml,legacy-platform,legacy-platform-team,provisional-repository-inferred
sendMailFromScreen,outbound-or-adapter-review-required,email;mail,java:org.apache.ofbiz.common.email.EmailServices:sendMailFromScreen,framework/common/servicedef/services_email.xml,legacy-platform,legacy-platform-team,provisional-repository-inferred
sendMailHiddenInLogFromScreen,outbound-or-adapter-review-required,email;mail,java:org.apache.ofbiz.common.email.EmailServices:sendMailHiddenInLogFromScreen,framework/common/servicedef/services_email.xml,legacy-platform,legacy-platform-team,provisional-repository-inferred
sendMailFromTemplateSetting,outbound-or-adapter-review-required,email;mail,groovy:component://common/src/main/groovy/org/apache/ofbiz/common/email/EmailServicesScript.groovy:sendMailFromTemplateSetting,framework/common/servicedef/services_email.xml,legacy-platform,legacy-platform-team,provisional-repository-inferred
sendGenericNotificationEmail,outbound-or-adapter-review-required,email;mail,java:org.apache.ofbiz.common.email.NotificationServices:sendNotification,framework/common/servicedef/services_email.xml,legacy-platform,legacy-platform-team,provisional-repository-inferred
createEmailTemplateSetting,outbound-or-adapter-review-required,email;mail,entity-auto:create,framework/common/servicedef/services_email.xml,legacy-platform,legacy-platform-team,provisional-repository-inferred
updateEmailTemplateSetting,outbound-or-adapter-review-required,email;mail,entity-auto:update,framework/common/servicedef/services_email.xml,legacy-platform,legacy-platform-team,provisional-repository-inferred
deleteEmailTemplateSetting,outbound-or-adapter-review-required,email;mail,entity-auto:delete,framework/common/servicedef/services_email.xml,legacy-platform,legacy-platform-team,provisional-repository-inferred
getDkimDnsRecord,outbound-or-adapter-review-required,email;mail,java:org.apache.ofbiz.common.email.EmailServices:getDkimDnsRecord,framework/common/servicedef/services_email.xml,legacy-platform,legacy-platform-team,provisional-repository-inferred
createSecurityPermission,outbound-or-adapter-review-required,rmi,entity-auto:create,framework/common/servicedef/services_security.xml,legacy-platform,legacy-platform-team,provisional-repository-inferred
updateSecurityPermission,outbound-or-adapter-review-required,rmi,entity-auto:update,framework/common/servicedef/services_security.xml,legacy-platform,legacy-platform-team,provisional-repository-inferred
addSecurityPermissionToSecurityGroup,outbound-or-adapter-review-required,rmi,entity-auto:create,framework/common/servicedef/services_security.xml,legacy-platform,legacy-platform-team,provisional-repository-inferred
updateSecurityPermissionToSecurityGroup,outbound-or-adapter-review-required,rmi,entity-auto:update,framework/common/servicedef/services_security.xml,legacy-platform,legacy-platform-team,provisional-repository-inferred
expireSecurityPermissionToSecurityGroup,outbound-or-adapter-review-required,rmi,entity-auto:expire,framework/common/servicedef/services_security.xml,legacy-platform,legacy-platform-team,provisional-repository-inferred
removeSecurityPermissionFromSecurityGroup,outbound-or-adapter-review-required,rmi,entity-auto:delete,framework/common/servicedef/services_security.xml,legacy-platform,legacy-platform-team,provisional-repository-inferred
securityPermissionCheck,outbound-or-adapter-review-required,rmi,simple:component://common/minilang/permission/CommonPermissionServices.xml:genericBasePermissionCheck,framework/common/servicedef/services_security.xml,legacy-platform,legacy-platform-team,provisional-repository-inferred
testSOAPScv,outbound-or-adapter-review-required,soap,java:org.apache.ofbiz.common.CommonServices:testSOAPService,framework/common/servicedef/services_test.xml,legacy-platform,legacy-platform-team,provisional-repository-inferred
localhostClearAllEntityCaches,outbound-or-adapter-review-required,http,http:eedcc-test:clearAllEntityCaches,framework/entityext/servicedef/services.xml,legacy-platform,legacy-platform-team,provisional-repository-inferred
localhostClearCacheLineByValue,outbound-or-adapter-review-required,http,http:eedcc-test:clearCacheLineByValue,framework/entityext/servicedef/services.xml,legacy-platform,legacy-platform-team,provisional-repository-inferred
localhostClearCacheLineByDummyPK,outbound-or-adapter-review-required,http,http:eedcc-test:clearCacheLineByDummyPK,framework/entityext/servicedef/services.xml,legacy-platform,legacy-platform-team,provisional-repository-inferred
localhostClearCacheLineByPrimaryKey,outbound-or-adapter-review-required,http,http:eedcc-test:clearCacheLineByPrimaryKey,framework/entityext/servicedef/services.xml,legacy-platform,legacy-platform-team,provisional-repository-inferred
remoteStoreEntitySyncDataHttp,outbound-or-adapter-review-required,http,http:entity-sync-http:storeEntitySyncData,framework/entityext/servicedef/services.xml,legacy-platform,legacy-platform-team,provisional-repository-inferred
remoteStoreEntitySyncDataRmi,outbound-or-adapter-review-required,rmi,rmi:entity-sync-rmi:storeEntitySyncData,framework/entityext/servicedef/services.xml,legacy-platform,legacy-platform-team,provisional-repository-inferred
remotePullAndReportEntitySyncDataHttp,outbound-or-adapter-review-required,http,http:entity-sync-http:pullAndReportEntitySyncData,framework/entityext/servicedef/services.xml,legacy-platform,legacy-platform-team,provisional-repository-inferred
remotePullAndReportEntitySyncDataRmi,outbound-or-adapter-review-required,rmi,rmi:entity-sync-rmi:pullAndReportEntitySyncData,framework/entityext/servicedef/services.xml,legacy-platform,legacy-platform-team,provisional-repository-inferred
entitySyncPermissionCheck,outbound-or-adapter-review-required,rmi,groovy:component://entityext/src/main/groovy/org/apache/ofbiz/entityext/EntitySyncServices.groovy:entitySyncPermissionCheck,framework/entityext/servicedef/services.xml,legacy-platform,legacy-platform-team,provisional-repository-inferred
permissionInterface,outbound-or-adapter-review-required,rmi,interface,framework/service/servicedef/services.xml,legacy-platform,legacy-platform-team,provisional-repository-inferred
mailProcessInterface,outbound-or-adapter-review-required,mail,interface,framework/service/servicedef/services.xml,legacy-platform,legacy-platform-team,provisional-repository-inferred
testSimplePermission,outbound-or-adapter-review-required,rmi,java:org.apache.ofbiz.service.test.ServiceEngineTestPermissionServices:genericTestService,framework/service/servicedef/services_test_se.xml,legacy-platform,legacy-platform-team,provisional-repository-inferred
testSimpleServicePermission,outbound-or-adapter-review-required,rmi,java:org.apache.ofbiz.service.test.ServiceEngineTestPermissionServices:genericTestService,framework/service/servicedef/services_test_se.xml,legacy-platform,legacy-platform-team,provisional-repository-inferred
testSimpleGroupAndPermission,outbound-or-adapter-review-required,rmi,java:org.apache.ofbiz.service.test.ServiceEngineTestPermissionServices:genericTestService,framework/service/servicedef/services_test_se.xml,legacy-platform,legacy-platform-team,provisional-repository-inferred
testSimpleGroupOrPermission,outbound-or-adapter-review-required,rmi,java:org.apache.ofbiz.service.test.ServiceEngineTestPermissionServices:genericTestService,framework/service/servicedef/services_test_se.xml,legacy-platform,legacy-platform-team,provisional-repository-inferred
testServicePermissionWithTransaction,outbound-or-adapter-review-required,rmi,java:org.apache.ofbiz.service.test.ServiceEngineTestPermissionServices:genericTestService,framework/service/servicedef/services_test_se.xml,legacy-platform,legacy-platform-team,provisional-repository-inferred
testPermissionPing,outbound-or-adapter-review-required,rmi,java:org.apache.ofbiz.service.test.ServiceEngineTestPermissionServices:testPermissionPing,framework/service/servicedef/services_test_se.xml,legacy-platform,legacy-platform-team,provisional-repository-inferred
testPermissionExistingTesting,outbound-or-adapter-review-required,rmi,java:org.apache.ofbiz.service.test.ServiceEngineTestPermissionServices:testPermissionExistingTesting,framework/service/servicedef/services_test_se.xml,legacy-platform,legacy-platform-team,provisional-repository-inferred
