component,name,mount_point,location,source_file,base_permission,target_context,owner_role,owner_status
accounting,accounting,/accounting,/Users/denis.troller/repos/ofbiz-framework-sonar/applications/accounting/webapp/accounting,applications/accounting/ofbiz-component.xml,"OFBTOOLS,ACCOUNTING",accounting,finance-product-team,provisional-repository-inferred
accounting,ap,/ap,/Users/denis.troller/repos/ofbiz-framework-sonar/applications/accounting/webapp/ap,applications/accounting/ofbiz-component.xml,"OFBTOOLS,ACCOUNTING",accounting,finance-product-team,provisional-repository-inferred
accounting,ar,/ar,/Users/denis.troller/repos/ofbiz-framework-sonar/applications/accounting/webapp/ar,applications/accounting/ofbiz-component.xml,"OFBTOOLS,ACCOUNTING",accounting,finance-product-team,provisional-repository-inferred
commonext,common-js,/common-js,/Users/denis.troller/repos/ofbiz-framework-sonar/applications/commonext/webapp/common-js,applications/commonext/ofbiz-component.xml,,experience-platform,experience-platform-team,provisional-repository-inferred
commonext,ofbizsetup,/ofbizsetup,/Users/denis.troller/repos/ofbiz-framework-sonar/applications/commonext/webapp/ofbizsetup,applications/commonext/ofbiz-component.xml,"OFBTOOLS,SETUP",experience-platform,experience-platform-team,provisional-repository-inferred
commonext,ordermgr-js,/ordermgr-js,/Users/denis.troller/repos/ofbiz-framework-sonar/applications/commonext/webapp/ordermgr-js,applications/commonext/ofbiz-component.xml,,experience-platform,experience-platform-team,provisional-repository-inferred
content,content,/content,/Users/denis.troller/repos/ofbiz-framework-sonar/applications/content/webapp/content,applications/content/ofbiz-component.xml,"OFBTOOLS,CONTENTMGR",content-media,content-product-team,provisional-repository-inferred
content,contentimages,/contentimages/,/Users/denis.troller/repos/ofbiz-framework-sonar/applications/content/webapp/contentimages,applications/content/ofbiz-component.xml,,content-media,content-product-team,provisional-repository-inferred
humanres,humanres,/humanres,/Users/denis.troller/repos/ofbiz-framework-sonar/applications/humanres/webapp/humanres,applications/humanres/ofbiz-component.xml,"OFBTOOLS,HUMANRES",workforce,workforce-product-team,provisional-repository-inferred
manufacturing,manufacturing,/manufacturing,/Users/denis.troller/repos/ofbiz-framework-sonar/applications/manufacturing/webapp/manufacturing,applications/manufacturing/ofbiz-component.xml,"OFBTOOLS,MANUFACTURING",manufacturing,manufacturing-product-team,provisional-repository-inferred
marketing,SalesForceAutomation,/sfa,/Users/denis.troller/repos/ofbiz-framework-sonar/applications/marketing/webapp/sfa,applications/marketing/ofbiz-component.xml,"OFBTOOLS,SFA",marketing-sales,marketing-product-team,provisional-repository-inferred
marketing,marketing,/marketing,/Users/denis.troller/repos/ofbiz-framework-sonar/applications/marketing/webapp/marketing,applications/marketing/ofbiz-component.xml,"OFBTOOLS,MARKETING",marketing-sales,marketing-product-team,provisional-repository-inferred
order,order,/ordermgr,/Users/denis.troller/repos/ofbiz-framework-sonar/applications/order/webapp/ordermgr,applications/order/ofbiz-component.xml,"OFBTOOLS,ORDERMGR",order-management,order-product-team,provisional-repository-inferred
party,party,/partymgr,/Users/denis.troller/repos/ofbiz-framework-sonar/applications/party/webapp/partymgr,applications/party/ofbiz-component.xml,"OFBTOOLS,PARTYMGR",party-customer,customer-product-team,provisional-repository-inferred
product,catalog,/catalog,/Users/denis.troller/repos/ofbiz-framework-sonar/applications/product/webapp/catalog,applications/product/ofbiz-component.xml,"OFBTOOLS,CATALOG",product-catalog,catalog-product-team,provisional-repository-inferred
product,facility,/facility,/Users/denis.troller/repos/ofbiz-framework-sonar/applications/product/webapp/facility,applications/product/ofbiz-component.xml,"OFBTOOLS,FACILITY",product-catalog,catalog-product-team,provisional-repository-inferred
workeffort,ical,/iCalendar,/Users/denis.troller/repos/ofbiz-framework-sonar/applications/workeffort/webapp/ical,applications/workeffort/ofbiz-component.xml,,work-management,work-product-team,provisional-repository-inferred
workeffort,workeffort,/workeffort,/Users/denis.troller/repos/ofbiz-framework-sonar/applications/workeffort/webapp/workeffort,applications/workeffort/ofbiz-component.xml,"OFBTOOLS,WORKEFFORTMGR",work-management,work-product-team,provisional-repository-inferred
@component-name@,@webapp-name@,/@webapp-name@,/Users/denis.troller/repos/ofbiz-framework-sonar/framework/resources/templates/webapp/@webapp-name@,framework/resources/templates/ofbiz-component.xml,"OFBTOOLS,@base-permission@",legacy-platform,legacy-platform-team,provisional-repository-inferred
rest-api,api-docs,/docs,/Users/denis.troller/repos/ofbiz-framework-sonar/framework/rest-api/webapp/docs,framework/rest-api/ofbiz-component.xml,,api-edge,platform-team,provisional-repository-inferred
rest-api,rest-api,/rest,/Users/denis.troller/repos/ofbiz-framework-sonar/framework/rest-api/webapp/rest-api,framework/rest-api/ofbiz-component.xml,,api-edge,platform-team,provisional-repository-inferred
webtools,webtools,/webtools,/Users/denis.troller/repos/ofbiz-framework-sonar/framework/webtools/webapp/webtools,framework/webtools/ofbiz-component.xml,"OFBTOOLS,WEBTOOLS",legacy-platform,legacy-platform-team,provisional-repository-inferred
bluelight,bluelight,/bluelight,/Users/denis.troller/repos/ofbiz-framework-sonar/themes/bluelight/webapp/bluelight,themes/bluelight/ofbiz-component.xml,,experience-platform,experience-platform-team,provisional-repository-inferred
common-theme,common-theme,/common,/Users/denis.troller/repos/ofbiz-framework-sonar/themes/common-theme/webapp/common-theme,themes/common-theme/ofbiz-component.xml,,experience-platform,experience-platform-team,provisional-repository-inferred
common-theme,images,/images,/Users/denis.troller/repos/ofbiz-framework-sonar/themes/common-theme/webapp/images,themes/common-theme/ofbiz-component.xml,,experience-platform,experience-platform-team,provisional-repository-inferred
flatgrey,flatgrey,/flatgrey,/Users/denis.troller/repos/ofbiz-framework-sonar/themes/flatgrey/webapp/flatgrey,themes/flatgrey/ofbiz-component.xml,,experience-platform,experience-platform-team,provisional-repository-inferred
helveticus,helveticus,/helveticus,/Users/denis.troller/repos/ofbiz-framework-sonar/themes/helveticus/webapp/helveticus,themes/helveticus/ofbiz-component.xml,,experience-platform,experience-platform-team,provisional-repository-inferred
rainbowstone,rainbowstone,/rainbowstone,/Users/denis.troller/repos/ofbiz-framework-sonar/themes/rainbowstone/webapp/rainbowstone,themes/rainbowstone/ofbiz-component.xml,,experience-platform,experience-platform-team,provisional-repository-inferred
tomahawk,tomahawk,/tomahawk,/Users/denis.troller/repos/ofbiz-framework-sonar/themes/tomahawk/webapp/tomahawk,themes/tomahawk/ofbiz-component.xml,,experience-platform,experience-platform-team,provisional-repository-inferred
